no,name,hp,mp,atk,def,agi,exp,money,waza,ステ合計,Exp+Money,m_type,room,階層A,階層B,get,血統1,相手1,血統2,相手2,血統3,相手3,お見合いA1,お見合いB1,お見合いA2,お見合いB2,お見合いA3,お見合いB3,説明A,説明B,date
1,スライム,3,3,1,2,1,5,5,ギラ,10,10,スライム系,スライム系,1,25,1,-,-,,,,,,,,,,,,,
2,スライムツリー,3,3,1,2,1,8.2,7.5,ヒャド,10,15.7,スライム系,スライム系,1,25,1,スライム系,しょくぶつ系,,,,,,,,,,,,,
3,はねスライム,3,4,1,2,3,11.4,10,しんくうは,13,21.4,スライム系,スライム系,1,25,1,スライム系,とり系,,,,,,,,,,,,,
4,アクアスライム,4,4,2,1,2,12,11,てっぽうみず,13,23,スライム系,スライム系,1,50,1,VIPSスライム,みず系,,,,,,,,,,,,,
5,マグマスライム,5,3,3,2,3,13,12,メラ,16,25,スライム系,スライム系,26,50,1,VIPSスライム,きつねび,,,,,,,,,,,,,
6,スライムつむり,4,3,2,3,1,14.6,12.5,ヒャド,13,27.1,スライム系,スライム系,26,50,1,スライム系,むし系,,,,,,,,,,,,,
7,パールスライム,4,2,1,5,1,15,13,てっぽうみず,13,28,スライム系,スライム系,26,75,1,スライム系,みず系,,,,,,,,,,,,,
8,こんぺいとう,4,2,4,4,1,16,14,イオ,15,30,スライム系,スライム系,51,75,1,スライム系,とげぼうず,,,,,,,,,,,,,
9,バブルスライム,3,5,2,2,1,17.8,15,イオ,13,32.8,スライム系,スライム系,51,75,1,スライム系,ゾンビ系,スライム系,デスファレーナ,スライム系,ポイズンリザード,,,,,,,,,
10,スライムナイト,3,6,3,2,2,21.1,17.5,かえんぎり,16,38.6,スライム系,スライム系,51,75,1,スライム系,あくま系,,,,,,,,,,,,,
11,トロピカルスライム,6,5,4,1,1,22.5,19,ホイミ,17,41.5,スライム系,スライム系,51,100,1,スライムツリー,けもの系,,,,,,,,,,,,,
12,リーファ,7,4,2,3,2,23,20,なかまをよぶ,18,43,スライム系,スライム系,76,100,1,トロピカルスライム,しょくぶつ系,,,,,,,,,,,,,
13,ぶちスライム,6,2,4,2,1,24.3,20,なかまをよぶ,15,44.3,スライム系,スライム系,76,100,1,スライム系,けもの系,,,,,,,,,,,,,
14,ボックススライム,5,4,4,3,2,27.5,22.5,ギラ,18,50,スライム系,スライム系,76,100,1,スライム系,ぶっしつ系,,,,,,,,,,,,,
15,ピエロスライム,5,7,3,5,3,29,24.5,ぱふぱふ,23,53.5,スライム系,スライム系,76,125,1,ホイミスライム,ひとつめピエロ,,,,,,,,,,,,,
16,ドラゴスライム,7,3,4,4,2,30.7,25,ひのいき,20,55.7,スライム系,スライム系,101,125,1,スライム系,ドラゴン系,,,,,,,,,,,,,
17,スピンスライム,8,3,5,4,3,31,26,バギ,23,57,スライム系,スライム系,101,125,1,こんぺいとう,ボックススライム,,,,,,,,,,,,,
18,ホイミスライム,4,7,3,3,4,33.9,27.5,ホイミ,21,61.4,スライム系,スライム系,101,125,1,スライム系,マッドプラント,スライム系,ファーラット,スライム系,ファンキーバード,,,,,,,,,
19,スノーム,5,6,5,4,2,35,29,つめたいいき,22,64,スライム系,スライム系,101,150,1,スライム系,イエティ,,,,,,,,,,,,,
20,スライムファング,6,3,5,3,5,37.1,30,しんくうぎり,22,67.1,スライム系,スライム系,126,150,1,スライム系,アルミラージ,スライム系,パオーム,,,,,,,,,,,
21,スラッピー,6,3,5,4,4,40.3,32.5,ベギラマ,22,72.8,スライム系,スライム系,126,150,1,スライム系,スカルガルー,,,,,,,,,,,,,
22,エンゼルスライム,8,6,3,4,1,45,25,ベギラマ,22,70,スライム系,スライム系,126,150,1,ピエロスライム,ゾンビ系,,,,,,,,,,,,,
23,ストーンスライム,5,6,4,6,4,43.5,35,しんくうぎり,25,78.5,スライム系,スライム系,126,175,1,スライム系,ばくだんいわ,スライム系,ゴーレム,,,,,,,,,,,
24,スライムボーグ,7,2,5,5,5,46.7,37.5,さみだれぎり,24,84.2,スライム系,スライム系,151,175,1,スライム系,キラーマシン,,,,,,,,,,,,,
25,メタルスライム,3,10,2,10,10,100,40,ヒャド,35,140,スライム系,スライム系,151,175,1,スライム系,メタルドラゴン,,,,,,,,,,,,,
26,ダークスライム,7,5,5,4,6,45,50,はげしいほのお,27,95,スライム系,スライム系,151,175,1,エンゼルスライム,きりさきピエロ,,,,,,,,,,,,,
27,ぶちキング,7,6,5,6,4,50,40,こおりのいき,28,90,スライム系,スライム系,151,200,1,ぶちスライム,ぶちスライム,,,,,,,,,,,,,
28,キングスライム,8,6,6,10,6,50,40,ザオラル,36,90,スライム系,スライム系,176,200,1,スライム系,？？？系,スライム系,ずしおうまる,ぶちキング,ユニコーン,,,,,,,,,
29,バブルキング,7,7,6,8,8,60,30,バギマ,36,90,スライム系,スライム系,176,200,1,バブルスライム,キングスライム,,,,,,,,,,,,,
30,はぐれメタル,4,10,2,10,10,300,40,ヒャド,36,340,スライム系,スライム系,176,200,1,メタルスライム,メタルスライム,,,,,,,,,,,,,
31,ダークナイト,10,5,8,6,8,55,50,もろはぎり,37,105,スライム系,スライム系,176,225,1,スライムナイト,ダークスライム,,,,,,,,,,,,,
32,メタルキング,5,10,2,10,10,250,40,ジゴスパーク,37,290,スライム系,スライム系,201,225,1,はぐれメタル,はぐれメタル,ぶちキング,メタルドラゴン,キングスライム,メタルドラゴン,,,,,,,,,
33,ゴールデンスライム,10,10,7,10,10,40,100,パルプンテ,47,140,スライム系,スライム系,201,225,1,メタルキング,メタルキング,,,,,,,,,,,,,
34,まどうスライム,5,10,4,8,8,50,40,グランドクロス,35,90,スライム系,スライム系,201,250,1,ホイミスライム,ピエロスライム,,,,,,,,,,,,,
35,ダークキング,12,5,7,12,12,100,50,ビッグバン,48,150,スライム系,スライム系,201,250,1,ダークスライム,ダークスライム,,,,,,,,,,,,,
36,クリスタルスライム,10,5,20,10,5,130,40,マヒャド,50,170,スライム系,スライム系,201,250,0,ゴールデンスライム,ゴールデンスライム,,,,,,,,,,,,,
37,スライムエンペラー,17,17,17,17,17,150,50,ベホマ,85,200,スライム系,スライム系,251,500,0,クリスタルスライム,クリスタルスライム,,,,,,,,,,,,,
38,マスタースライム,19,19,19,19,19,160,70,ばくれつけん,95,230,スライム系,スライム系,251,500,0,VIPSスライム,グランスライム,,,,,,,,,,,,,
39,グランスライム,30,15,20,20,18,180,120,ギガデイン,103,300,スライム系,スライム系,251,500,0,スライムエンペラー,スライムエンペラー,,,,,,,,,,,,,
40,ワンダーエッグ,10,3,5,8,4,10,100,パルプンテ,30,110,スライム系,-,0,0,0,-,-,,,,,スライム,おおにわとり,おおにわとり,スライム,おおにわとり,スライム,,,
41,ドラゴンキッズ,3,1,2,3,1,5,5,ひのいき,10,10,ドラゴン系,ドラゴン系,1,25,1,ドラゴン系,スライム系,,,,,,,,,,,,,
42,フーセンドラゴン,2,2,2,3,3,6,6,ギラ,12,12,ドラゴン系,ドラゴン系,1,25,1,ドラゴン系,しょくぶつ系,,,,,,,,,,,,,
43,ドラドン,3,1,3,2,3,7,7,ギラ,12,14,ドラゴン系,ドラゴン系,1,25,1,ドラゴン系,バブルデーモン,,,,,,,,,,,,,
44,プテラノドン,4,3,3,2,2,7.1,7.1,ギラ,14,14.2,ドラゴン系,ドラゴン系,1,50,1,ドラゴン系,とり系,,,,,,,,,,,,,
45,ドライゴン,6,1,5,3,1,7.5,7.5,ヒャド,16,15,ドラゴン系,ドラゴン系,26,50,1,ドラゴン系,みず系,,,,,,,,,,,,,
46,フェアリードラゴン,4,4,2,3,4,8.1,8.1,バギ,17,16.2,ドラゴン系,ドラゴン系,26,50,1,ドラゴン系,むし系,,,,,,,,,,,,,
47,ポイズンリザード,5,4,2,3,2,9.2,9.2,デイン,16,18.4,ドラゴン系,ドラゴン系,26,75,1,ドラゴン系,ゾンビ系,,,,,,,,,,,,,
48,リザードマン,5,3,4,4,4,10.2,10.2,まじんぎり,20,20.4,ドラゴン系,ドラゴン系,51,75,1,ドラゴン系,あくま系,,,,,,,,,,,,,
49,ガメゴン,4,6,3,5,2,11.3,11.3,いなずま,20,22.6,ドラゴン系,ドラゴン系,51,75,1,ドラゴン系,けもの系,,,,,,,,,,,,,
50,ソードドラゴン,5,4,5,4,3,12.3,12.3,さみだれぎり,21,24.6,ドラゴン系,ドラゴン系,51,75,1,ドラゴン系,ぶっしつ系,,,,,,,,,,,,,
51,ドラゴンライダー,6,3,6,5,5,13,13,メラミ,25,26,ドラゴン系,ドラゴン系,51,100,1,ドラゴンマッド,スライムナイト,,,,,,,,,,,,,
52,コドラ,4,3,3,3,5,13.3,13.3,メラ,18,26.6,ドラゴン系,ドラゴン系,76,100,1,ドラゴン系,ピッキー,,,,,,,,,,,,,
53,へびこうもり,7,2,5,2,3,15,15,イオ,19,30,ドラゴン系,ドラゴン系,76,100,1,キングコブラ,ドラキー,,,,,,,,,,,,,
54,ドラゴン,6,3,4,4,3,14.4,14.4,かえんぎり,20,28.8,ドラゴン系,ドラゴン系,76,100,1,ドラゴンキッズ,ドラゴンキッズ,,,,,,,,,,,,,
55,キングコブラ,5,6,3,3,5,15.4,15.4,イオ,22,30.8,ドラゴン系,ドラゴン系,76,125,1,ドラゴン系,バブルスライム,,,,,,,,,,,,,
56,アンドレアル,6,7,5,6,6,16.5,16.5,バギ,30,33,ドラゴン系,ドラゴン系,101,125,1,ドラゴン系,ガップリン,スカイドラゴン,ゴーレム,,,,,,,,,,,
57,とさかへび,5,6,4,5,8,17.5,17.5,かえんのいき,28,35,ドラゴン系,ドラゴン系,101,125,1,ドラゴン系,おおにわとり,,,,,,,,,,,,,
58,リザードフライ,6,6,4,6,8,18.5,18.5,かまいたち,30,37,ドラゴン系,ドラゴン系,101,125,1,ドラゴン系,キリキリバッタ,,,,,,,,,,,,,
59,デンタザウルス,6,5,6,7,3,19.6,19.6,ベギラマ,27,39.2,ドラゴン系,ドラゴン系,101,150,1,ドラゴン系,ぐんたいガニ,,,,,,,,,,,,,
60,じゃりゅうせんし,10,1,10,3,3,22,22,さみだれぎり,27,44,ドラゴン系,ドラゴン系,126,150,1,グレイトドラゴン,ライオネック,,,,,,,,,,,,,
61,ドラゴンマッド,9,2,9,4,2,20.6,20.6,メラミ,26,41.2,ドラゴン系,ドラゴン系,126,150,1,ドラゴン系,ストロングアニマル,,,,,,,,,,,,,
62,とかげせんし,7,2,6,3,2,21,21,しんくうぎり,20,42,ドラゴン系,ドラゴン系,126,150,1,リザードマン,けもの系,,,,,,,,,,,,,
63,おおイグアナ,5,4,3,4,2,21.7,21.7,イオ,18,43.4,ドラゴン系,ドラゴン系,126,175,1,ドラゴン系,ミステリドール,,,,,,,,,,,,,
64,ライバーン,7,5,4,4,7,22.7,22.7,しんくうぎり,27,45.4,ドラゴン系,ドラゴン系,151,175,1,ドラゴン系,ヘルコンドル,リザードマン,ライオネック,,,,,,,,,,,
65,ウィングスネーク,6,7,7,6,7,23.8,23.8,バギマ,33,47.6,ドラゴン系,ドラゴン系,151,175,1,とさかへび,とさかへび,,,,,,,,,,,,,
66,グレイトドラゴン,8,5,7,8,5,24.8,24.8,つめたいいき,33,49.6,ドラゴン系,ドラゴン系,151,200,1,ドラゴン系,ぶちキング,ドラゴン,バトルレックス,ソードドラゴン,ユニコーン,,,,,,,,,
67,コアトル,7,9,8,6,7,25.8,25.8,まじんぎり,37,51.6,ドラゴン系,ドラゴン系,176,200,1,ウィングスネーク,ウィングスネーク,プテラノドン,あくまのきし,,,,,,,,,,,
68,バトルレックス,8,4,8,7,8,26.9,26.9,まじんぎり,35,53.8,ドラゴン系,ドラゴン系,176,200,1,ドラゴン系,ライオネック,,,,,,,,,,,,,
69,トライワインダー,13,13,12,12,10,50,50,つなみ,60,100,ドラゴン系,ドラゴン系,176,250,1,グレイトドラゴン,ヘルパイレーツ,,,,,,,,,,,,,
70,スカイドラゴン,7,6,6,7,9,27.9,27.9,グランドクロス,35,55.8,ドラゴン系,ドラゴン系,201,250,1,ドラゴン系,ひくいどり,,,,,,,,,,,,,
71,やまたのおろち,9,5,9,6,5,29,29,れんぞくこうげき,34,58,ドラゴン系,ドラゴン系,201,250,1,ドラゴン系,？？？系,アンドレアル,メドーサボール,グレイトドラゴン,メドーサボール,,,,,,,,,
72,カオスドレイク,10,7,10,9,7,35,35,しゃくねつ,43,70,ドラゴン系,ドラゴン系,201,500,1,アンドレアル,ブーバー,,,,,,,,,,,,,
73,しんりゅう,10,9,10,9,9,40,30,ビッグバン,47,70,ドラゴン系,ドラゴン系,201,500,1,スカイドラゴン,やまたのおろち,,,,,,,,,,,,,
74,ギガントドラゴン,20,12,20,15,12,150,150,しゃくねつ,79,300,ドラゴン系,ドラゴン系,251,500,1,グレイトドラゴン,ギガンテス,,,,,,,,,,,,,
75,オリハルゴン,25,13,23,23,13,200,200,グランドクロス,97,400,ドラゴン系,ドラゴン系,251,500,0,しんりゅう,ゴールデンゴーレム,,,,,,,,,,,,,
76,ベロゴン,3,1,2,1,2,5,5,メラ,9,10,けもの系,けもの系,1,25,1,けもの系,スライム系,,,,,,,,,,,,,
77,ファーラット,2,1,1,2,1,6.4,6.5,なかまをよぶ,7,12.9,けもの系,けもの系,1,25,1,けもの系,しょくぶつ系,,,,,,,,,,,,,
78,キャットフライ,3,2,1,1,5,7.9,8,かえんぎり,12,15.9,けもの系,けもの系,1,25,1,けもの系,とり系,,,,,,,,,,,,,
79,つちわらし,3,2,2,2,3,9,8,なかまをよぶ,12,17,けもの系,けもの系,1,25,1,けもの系,マドハンド,,,,,,,,,,,,,
80,ビーバーン,5,2,3,2,3,10,10,すいりゅうぎり,15,20,けもの系,けもの系,1,50,1,けもの系,みず系,,,,,,,,,,,,,
81,ベビーパンサー,5,2,4,2,4,10,10,ギラ,17,20,けもの系,けもの系,26,50,1,けもの系,ドラゴンキッズ,,,,,,,,,,,,,
82,ミノーン,4,1,1,3,1,9.3,9.6,ギラ,10,18.9,けもの系,けもの系,26,50,1,けもの系,むし系,,,,,,,,,,,,,
83,スカルガルー,4,2,3,1,3,10.7,11.1,ヒャド,13,21.8,けもの系,けもの系,26,50,1,けもの系,ゾンビ系,,,,,,,,,,,,,
84,かまいたち,4,3,3,3,3,12.2,12.6,バギ,16,24.8,けもの系,けもの系,26,75,1,けもの系,ぶっしつ系,,,,,,,,,,,,,
85,アロードッグ,7,3,5,3,3,18,18,メラ,21,36,けもの系,けもの系,51,75,1,けもの系,アニマルゾンビ,,,,,,,,,,,,,
86,アルミラージ,3,1,2,1,4,13.6,14.1,なかまをよぶ,11,27.7,けもの系,けもの系,51,75,1,けもの系,ドラゴン系,,,,,,,,,,,,,
87,ももんじゃ,3,4,2,2,3,15,15.7,ヒャド,14,30.7,けもの系,けもの系,51,75,1,けもの系,ダックカイト,,,,,,,,,,,,,
88,おおきづち,4,3,4,2,1,16.5,17.2,まじんぎり,14,33.7,けもの系,けもの系,51,100,1,けもの系,きりかぶおばけ,,,,,,,,,,,,,
89,ジャイアントバット,6,1,4,4,4,18,18,メラ,19,36,けもの系,けもの系,76,100,1,けもの系,フェアリードラゴン,,,,,,,,,,,,,
90,よるのていおう,7,2,5,5,5,20,20,メラ,24,40,けもの系,けもの系,76,100,1,アロードッグ,シャドー,,,,,,,,,,,,,
91,キラースコップ,3,1,2,1,3,17.9,18.7,いなずまぎり,10,36.6,けもの系,けもの系,76,100,1,けもの系,ひとくいサーベル,,,,,,,,,,,,,
92,フェアリーラット,3,3,2,3,5,19.4,20.2,バギマ,16,39.6,けもの系,けもの系,76,125,1,けもの系,リザードフライ,,,,,,,,,,,,,
93,キラーパンサー,5,3,4,2,5,20.8,21.7,しんくうぎり,19,42.5,けもの系,けもの系,101,125,1,けもの系,ドラゴン,,,,,,,,,,,,,
94,けもののきし,8,1,8,2,6,25,25,さみだれぎり,25,50,けもの系,けもの系,101,125,1,けもの系,デビルアーマー,,,,,,,,,,,,,
95,ブーバー,7,2,6,5,3,24,24,れんぞくこうげき,23,48,けもの系,けもの系,101,125,1,ベロゴン,リップス,,,,,,,,,,,,,
96,アントベア,3,2,3,2,4,22.2,23.3,イオ,14,45.5,けもの系,けもの系,101,150,1,ミノーン,ドラゴン系,,,,,,,,,,,,,
97,イエティ,6,2,5,4,3,23.7,24.8,マヒャドぎり,20,48.5,けもの系,けもの系,126,150,1,けもの系,オーク,,,,,,,,,,,,,
98,スーパーテンツク,5,6,4,5,3,25.1,26.3,ホイミ,23,51.4,けもの系,けもの系,126,150,1,けもの系,マッドロン,,,,,,,,,,,,,
99,ねこまどう,4,8,2,5,8,30,30,メラ,27,60,けもの系,けもの系,126,150,1,キャットフライ,ヘルボックル,,,,,,,,,,,,,
100,アイアンタートル,4,3,3,7,2,26.5,27.8,ベギラマ,19,54.3,けもの系,けもの系,126,175,1,けもの系,ガメゴン,,,,,,,,,,,,,
101,グリズリー,6,3,7,3,7,28,29.4,もろはぎり,26,57.4,けもの系,けもの系,151,175,1,けもの系,あくま系,,,,,,,,,,,,,
102,ストロングアニマル,7,2,9,3,6,29.4,30.9,れんぞくこうげき,27,60.3,けもの系,けもの系,151,175,1,グリズリー,あくま系,,,,,,,,,,,,,
103,ビッグももんじゃ,9,3,6,6,5,30,30,もろはぎり,29,60,けもの系,けもの系,151,175,1,ももんじゃ,ギガンテス,,,,,,,,,,,,,
104,キラーエイプ,5,3,6,3,6,30.8,32.4,もろはぎり,23,63.2,けもの系,けもの系,151,200,1,けもの系,デッドペッカー,,,,,,,,,,,,,
105,ゴートドン,5,7,7,6,7,32.3,33.9,おおごえでさけぶ,32,66.2,けもの系,けもの系,176,200,1,けもの系,ドラゴスライム,,,,,,,,,,,,,
106,ユニコーン,6,8,6,4,5,33.7,35.4,ザオラル,29,69.1,けもの系,けもの系,176,200,1,けもの系,スライムファング,けもの系,スラッピー,,,,,,,,,,,
107,ビックアイ,8,2,9,5,4,35.1,37,ベホイミ,28,72.1,けもの系,けもの系,176,200,1,けもの系,おおめだま,,,,,,,,,,,,,
108,パオーム,8,5,8,8,2,36.6,38.5,いなずま,31,75.1,けもの系,けもの系,176,250,1,キラーエイプ,キラーエイプ,,,,,,,,,,,,,
109,ダンビラムーチョ,10,4,11,5,5,35,30,さみだれぎり,35,65,けもの系,けもの系,201,250,1,スーパーテンツク,ひとくいサーベル,,,,,,,,,,,,,
110,キングレオ,10,10,9,8,8,38.3,40,ばくれつけん,45,78.3,けもの系,けもの系,201,250,1,パオーム,パオーム,,,,,,,,,,,,,
111,ダークホーン,10,10,10,9,9,40,40,はげしいほのお,48,80,けもの系,けもの系,251,500,1,けもの系,？？？系,,,,,,,,,,,,,
112,マッスルコング,20,10,25,15,18,100,100,ばくれつけん,88,200,けもの系,けもの系,251,500,1,キラーエイプ,パオーム,,,,,,,,,,,,,
113,ヘルゴラゴ,25,10,28,15,20,180,120,イオナズン,98,300,けもの系,けもの系,251,500,0,ダークホーン,やまたのおろち,,,,,,,,,,,,,
114,インフェルゴン,27,12,30,18,23,200,150,ベギラゴン,110,350,けもの系,けもの系,251,500,0,キラーパンサー,キングレオ,,,,,,,,,,,,,
115,ピッキー,2,1,1,1,6,5,5,メラ,11,10,とり系,とり系,1,25,1,とり系,スライム系,,,,,,,,,,,,,
116,はなカワセミ,2,5,3,2,5,6.9,6.4,なかまをよぶ,17,13.3,とり系,とり系,1,25,1,とり系,しょくぶつ系,,,,,,,,,,,,,
117,アクアマリンホーク,4,3,3,3,6,10,10,てっぽうみず,19,20,とり系,とり系,1,50,1,とり系,みず系,,,,,,,,,,,,,
118,ダックカイト,2,3,2,3,5,8.9,7.7,かえんぎり,15,16.6,とり系,とり系,26,50,1,とり系,むし系,,,,,,,,,,,,,
119,デスフラッター,3,4,3,2,6,10.8,9.1,デイン,18,19.9,とり系,とり系,26,50,1,とり系,ゾンビ系,,,,,,,,,,,,,
120,ミストウイング,5,4,4,4,6,20.5,15.8,イオ,23,36.3,とり系,とり系,26,75,1,とり系,ぶっしつ系,,,,,,,,,,,,,
121,デッドペッカー,3,4,4,2,6,12.8,10.4,バギ,19,23.2,とり系,とり系,51,75,1,とり系,あくま系,,,,,,,,,,,,,
122,あばれうしどり,4,3,4,3,5,14.7,11.8,しんくうは,19,26.5,とり系,とり系,51,75,1,とり系,けもの系,,,,,,,,,,,,,
123,エミュー,7,2,7,4,6,20,16,かまいたち,26,36,とり系,とり系,51,100,1,デッドペッカー,ダークアイ,,,,,,,,,,,,,
124,ドラキー,3,4,2,1,5,16.6,13.1,ギラ,15,29.7,とり系,とり系,76,100,1,ピッキー,スライム系,,,,,,,,,,,,,
125,おおにわとり,4,5,3,3,6,18.6,14.5,しんくうぎり,21,33.1,とり系,とり系,76,100,1,-,-,,,,,,,,,,,,,
126,よなくにどり,5,3,4,4,3,15,13,バギ,19,28,とり系,とり系,76,100,1,ダックカイト,ぶっしつ系,,,,,,,,,,,,,
127,ガーゴイル,6,3,5,3,4,18,18,バギ,21,36,とり系,とり系,101,125,1,キメラ,しりょうのきし,,,,,,,,,,,,,
128,キメラ,5,4,5,4,6,22.5,17.2,ホイミ,24,39.7,とり系,とり系,101,125,1,とり系,ドラゴン系,,,,,,,,,,,,,
129,ウイングアサシン,8,5,6,4,8,30,25,バギマ,31,55,とり系,とり系,101,150,1,サンダーバード,ライオネック,,,,,,,,,,,,,
130,モーザ,4,5,6,5,7,24.4,18.5,いなずまぎり,27,42.9,とり系,とり系,126,150,1,あばれうしどり,けもの系,,,,,,,,,,,,,
131,ガンコどり,5,4,4,4,6,26.4,19.9,さみだれぎり,23,46.3,とり系,とり系,126,150,1,とり系,ストーンスライム,,,,,,,,,,,,,
132,キラーグース,5,3,5,3,5,28.3,21.2,イオラ,21,49.5,とり系,とり系,151,175,1,とり系,ドロル,,,,,,,,,,,,,
133,ヘルコンドル,7,6,6,7,6,30.2,22.6,グランドクロス,32,52.8,とり系,とり系,151,175,1,とり系,ネジまきどり,,,,,,,,,,,,,
134,いわとびあくま,9,3,5,4,6,35,25,バギマ,27,60,とり系,とり系,151,200,1,エミュー,けもの系,,,,,,,,,,,,,
135,ファンキーバード,6,7,7,5,5,32.2,23.9,イオラ,30,56.1,とり系,とり系,176,200,1,とり系,ダンスキャロット,,,,,,,,,,,,,
136,ひくいどり,8,7,7,8,7,34.1,25.3,ひのいき,37,59.4,とり系,とり系,176,250,1,とり系,ギズモ,,,,,,,,,,,,,
137,ホークブリザード,7,8,8,7,8,36.1,26.6,マヒャドぎり,38,62.7,とり系,とり系,176,250,1,とり系,ひょうがまじん,とり系,イエティ,ダックカイト,ゴートドン,,,,,,,,,
138,アイアンホーク,8,7,9,7,9,37,30,イオラ,40,67,とり系,とり系,201,300,1,ヘルコンドル,シルバーデビル,,,,,,,,,,,,,
139,ロックちょう,8,9,10,9,9,38,28,いなずま,45,66,とり系,とり系,201,300,1,とり系,ライバーン,モーザ,うごくせきぞう,,,,,,,,,,,
140,サンダーバード,7,9,8,7,8,36,29,ジゴスパーク,39,65,とり系,とり系,201,300,1,とり系,？？？系,ロックちょう,ギズモ,,,,,,,,,,,
141,にじくじゃく,9,9,9,10,10,37,30,ザオラル,47,67,とり系,とり系,301,500,1,ホークブリザード,ひくいどり,,,,,,,,,,,,,
142,シャンタク,17,14,15,14,20,180,120,ベホマ,80,300,とり系,とり系,301,500,1,ロックちょう,グレイトドラゴン,,,,,,,,,,,,,
143,キングアズライル,28,15,21,21,17,200,100,ジゴスパーク,102,300,とり系,とり系,301,500,0,にじくじゃく,？？？系,,,,,,,,,,,,,
144,マッドプラント,2,3,1,2,2,5,5,メラ,10,10,しょくぶつ系,しょくぶつ系,1,25,1,しょくぶつ系,スライム系,,,,,,,,,,,,,
145,ふゆうじゅ,2,2,1,3,3,6.1,6.1,かえんぎり,11,12.2,しょくぶつ系,しょくぶつ系,1,25,1,しょくぶつ系,とり系,,,,,,,,,,,,,
146,エビルポスト,4,3,2,1,1,8,8,ギラ,11,16,しょくぶつ系,しょくぶつ系,1,50,1,しょくぶつ系,みず系,,,,,,,,,,,,,
147,サボテンボール,3,1,2,2,2,7.1,7.2,しんくうは,10,14.3,しょくぶつ系,しょくぶつ系,26,50,1,しょくぶつ系,むし系,,,,,,,,,,,,,
148,マタンゴ,4,2,2,2,3,8.2,8.4,なかまをよぶ,13,16.6,しょくぶつ系,しょくぶつ系,26,50,1,しょくぶつ系,ゾンビ系,,,,,,,,,,,,,
149,ガップリン,3,4,3,2,1,9.2,9.5,バギ,13,18.7,しょくぶつ系,しょくぶつ系,26,75,1,しょくぶつ系,あくま系,,,,,,,,,,,,,
150,はなもどき,4,4,3,3,2,10,10,メラ,16,20,しょくぶつ系,しょくぶつ系,51,75,1,はなまどう,リーファ,,,,,,,,,,,,,
151,はなまどう,3,5,3,4,3,10.3,10.6,ギラ,18,20.9,しょくぶつ系,しょくぶつ系,51,75,1,しょくぶつ系,けもの系,,,,,,,,,,,,,
152,デビルパイン,5,2,4,3,3,12,11,メラ,17,23,しょくぶつ系,しょくぶつ系,51,100,1,しょくぶつ系,ガップリン,,,,,,,,,,,,,
153,マロンマン,5,2,5,3,3,12,10,さみだれぎり,18,22,しょくぶつ系,しょくぶつ系,51,100,1,プチヒーロー,ホーンビートル,,,,,,,,,,,,,
154,コハクそう,4,3,2,3,4,11.4,11.7,ライデイン,16,23.1,しょくぶつ系,しょくぶつ系,76,100,1,しょくぶつ系,ぶっしつ系,,,,,,,,,,,,,
155,かりゅうそう,4,3,3,3,3,12.4,12.8,メラ,16,25.2,しょくぶつ系,しょくぶつ系,76,100,1,しょくぶつ系,ドラゴン系,,,,,,,,,,,,,
156,ナスビナーラ,5,3,5,2,4,15,14,ベホイミ,19,29,しょくぶつ系,しょくぶつ系,76,125,1,しょくぶつ系,リップス,,,,,,,,,,,,,
157,きりかぶおばけ,4,3,3,4,4,13.5,13.9,ヒャダルコ,18,27.4,しょくぶつ系,しょくぶつ系,101,125,1,コハクそう,けもの系,,,,,,,,,,,,,
158,オニオーン,5,3,4,3,3,14.5,15.1,メラゾーマ,18,29.6,しょくぶつ系,しょくぶつ系,101,125,1,しょくぶつ系,せみもぐら,,,,,,,,,,,,,
159,オニオンマスター,6,4,5,4,4,15,17,はげしいほのお,23,32,しょくぶつ系,しょくぶつ系,101,125,1,マロンマン,オニオーン,,,,,,,,,,,,,
160,おばけかれき,6,5,4,5,4,18,17,イオラ,24,35,しょくぶつ系,しょくぶつ系,101,150,1,きりかぶおばけ,ゾンビ系,,,,,,,,,,,,,
161,ダンスキャロット,3,5,5,3,5,15.6,16.2,メラゾーマ,21,31.8,しょくぶつ系,しょくぶつ系,126,150,1,しょくぶつ系,トーテムキラー,,,,,,,,,,,,,
162,ヘルボックル,4,5,4,2,4,16.6,17.3,ベホイミ,19,33.9,しょくぶつ系,しょくぶつ系,126,175,1,しょくぶつ系,ピクシー,,,,,,,,,,,,,
163,じんめんじゅ,5,7,5,3,4,17.7,18.4,こおりのいき,24,36.1,しょくぶつ系,しょくぶつ系,151,175,1,しょくぶつ系,ナイトウイプス,,,,,,,,,,,,,
164,マンドラゴラ,6,8,6,4,6,18.8,19.5,しゃくねつ,30,38.3,しょくぶつ系,しょくぶつ系,151,175,1,しょくぶつ系,ファンキーバード,,,,,,,,,,,,,
165,かぼちゃのきし,7,5,7,7,6,19,19,いなずまぎり,32,38,しょくぶつ系,しょくぶつ系,151,175,1,オニオンマスター,さまようよろい,,,,,,,,,,,,,
166,ビーンファイター,6,3,6,4,4,19.8,20.7,かまいたち,23,40.5,しょくぶつ系,しょくぶつ系,176,200,1,しょくぶつ系,ファーラット,,,,,,,,,,,,,
167,エビルシード,6,4,6,3,5,20.9,21.8,ヒャダルコ,24,42.7,しょくぶつ系,しょくぶつ系,176,200,1,しょくぶつ系,ダークアイ,,,,,,,,,,,,,
168,マンイーター,7,4,6,5,6,21.9,22.9,いなずま,28,44.8,しょくぶつ系,しょくぶつ系,176,200,1,エビルシード,エビルシード,,,,,,,,,,,,,
169,ひとくいそう,8,8,7,8,7,23,24,おおごえでさけぶ,38,47,しょくぶつ系,しょくぶつ系,201,250,1,マンイーター,マンイーター,,,,,,,,,,,,,
170,ローズバトラー,10,9,9,9,8,38,38,ばくれつけん,45,76,しょくぶつ系,しょくぶつ系,201,250,1,しょくぶつ系,？？？系,,,,,,,,,,,,,
171,プチヒーロー,18,14,20,10,15,250,50,ギガスラッシュ,77,300,しょくぶつ系,しょくぶつ系,251,500,1,ヘルボックル,スライムナイト,,,,,,,,,,,,,
172,エグドラシル,30,25,12,24,10,200,100,ザオリク,101,300,しょくぶつ系,しょくぶつ系,251,500,0,ローズバトラー,ギガンテス,,,,,,,,,,,,,
173,わたぼう,9,10,8,7,10,40,40,ザオラル,44,80,しょくぶつ系,-,0,0,0,-,-,,,,,,,,,,,,,
174,ワルぼう,10,9,7,8,10,40,40,ザオラル,44,80,しょくぶつ系,-,0,0,0,-,-,,,,,,,,,,,,,
175,キリキリバッタ,2,1,1,1,3,5,5,なかまをよぶ,8,10,むし系,むし系,1,25,1,-,-,,,,,,,,,,,,,
176,おおなめくじ,2,2,2,2,1,6.1,5.6,メラ,9,11.7,むし系,むし系,1,25,1,むし系,スライム系,,,,,,,,,,,,,
177,ピューロ,3,1,2,1,4,9,10,かまいたち,11,19,むし系,むし系,1,50,1,むし系,みず系,,,,,,,,,,,,,
178,ぐんたいアリ,1,2,1,2,2,7.2,6.2,なかまをよぶ,8,13.4,むし系,むし系,26,50,1,おおなめくじ,スライム系,,,,,,,,,,,,,
179,とうちゅうかそう,3,1,2,2,3,8.3,6.8,かえんぎり,11,15.1,むし系,むし系,26,50,1,むし系,しょくぶつ系,,,,,,,,,,,,,
180,じんめんちょう,2,3,3,2,4,9.4,7.4,なかまをよぶ,14,16.8,むし系,むし系,51,75,1,むし系,とり系,,,,,,,,,,,,,
181,リップス,3,4,3,3,3,10.6,7.9,ぱふぱふ,16,18.5,むし系,むし系,51,75,1,むし系,ゾンビ系,,,,,,,,,,,,,
182,オパビー,4,3,4,3,4,11,12,しんくうは,18,23,むし系,むし系,51,75,1,よろいムカデ,キャタピラー,,,,,,,,,,,,,
183,ベルザブル,5,2,4,3,4,14,16,ベギラマ,18,30,むし系,むし系,51,100,1,ヘルホーネット,ゾンビ系,,,,,,,,,,,,,
184,おおみみず,3,1,3,3,1,11.7,8.5,しんくうは,11,20.2,むし系,むし系,76,100,1,むし系,あくま系,,,,,,,,,,,,,
185,せみもぐら,3,2,3,2,2,12.8,9.1,なかまをよぶ,12,21.9,むし系,むし系,76,100,1,むし系,けもの系,,,,,,,,,,,,,
186,カマキリせんし,6,3,7,4,4,16,18,しんくうぎり,24,34,むし系,むし系,76,125,1,キラーシックル,あくま系,,,,,,,,,,,,,
187,はさみくわがた,5,3,5,5,3,13.9,9.7,はげしいほのお,21,23.6,むし系,むし系,101,125,1,むし系,ぶっしつ系,,,,,,,,,,,,,
188,キャタピラー,4,2,4,3,1,15,10.3,ギラ,14,25.3,むし系,むし系,101,125,1,むし系,ドラゴン系,,,,,,,,,,,,,
189,マルチアイ,7,1,2,4,2,18,20,はげしいほのお,16,38,むし系,むし系,101,150,1,キャタピラー,キャタピラー,,,,,,,,,,,,,
190,テールイーター,3,4,4,4,2,16.1,10.9,デイン,17,27,むし系,むし系,126,150,1,むし系,はなまどう,,,,,,,,,,,,,
191,よろいムカデ,5,3,6,7,3,17.2,11.5,もろはぎり,24,28.7,むし系,むし系,126,150,1,むし系,アイアンタートル,,,,,,,,,,,,,
192,キラーシックル,5,3,9,2,6,20,22,ギガスラッシュ,25,42,むし系,むし系,126,175,1,むし系,ひとつめピエロ,,,,,,,,,,,,,
193,メーダ,4,2,5,6,3,18.3,12.1,ベホイミ,20,30.4,むし系,むし系,151,175,1,むし系,コハクそう,,,,,,,,,,,,,
194,デスファレーナ,7,3,5,5,6,19.4,12.6,ライデイン,26,32,むし系,むし系,151,175,1,むし系,ミノーン,,,,,,,,,,,,,
195,ドロル,7,2,6,7,4,20.6,13.2,かまいたち,26,33.8,むし系,むし系,151,175,1,むし系,ゴースト,,,,,,,,,,,,,
196,ドロルリウム,8,4,7,6,5,21,15,かまいたち,30,36,むし系,むし系,151,200,1,ドロル,おおなめくじ,,,,,,,,,,,,,
197,ぐんたいガニ,8,3,7,9,4,21.7,13.8,おおごえでさけぶ,31,35.5,むし系,むし系,176,200,1,むし系,ダーククラブ,,,,,,,,,,,,,
198,ヘルホーネット,7,4,6,7,9,22.8,14.4,ベギラマ,33,37.2,むし系,むし系,176,200,1,むし系,フェアリーラット,,,,,,,,,,,,,
199,ホーンビートル,8,5,8,8,7,25,15,もろはぎり,36,40,むし系,むし系,176,250,1,はさみくわがた,はさみくわがた,,,,,,,,,,,,,
200,さそりアーマー,9,8,9,10,9,40,30,しゃくねつ,45,70,むし系,むし系,201,250,1,ホーンビートル,ホーンビートル,,,,,,,,,,,,,
201,ダンジョンえび,10,8,10,9,10,40,35,かがやくいき,47,75,むし系,むし系,201,250,1,むし系,？？？系,,,,,,,,,,,,,
202,デスサイザー,25,12,16,15,20,200,75,まじんぎり,88,275,むし系,むし系,251,500,1,キラーシックル,さそりアーマー,,,,,,,,,,,,,
203,スカルスパイダー,30,12,18,15,25,250,50,ばくれつけん,100,300,むし系,むし系,251,500,0,さそりアーマー,ワイトキング,,,,,,,,,,,,,
204,スカラベーダー,35,15,20,20,25,270,60,ギガスラッシュ,115,330,むし系,むし系,251,500,0,デスサイザー,キングレオ,,,,,,,,,,,,,
205,ピクシー,3,5,1,2,1,5,5,メラ,12,10,あくま系,あくま系,1,25,1,あくま系,スライム系,,,,,,,,,,,,,
206,ダークアイ,3,5,2,3,2,5.9,5.9,メラミ,15,11.8,あくま系,あくま系,1,25,1,あくま系,しょくぶつ系,,,,,,,,,,,,,
207,ベビーサタン,2,4,1,2,3,6.8,6.8,メラ,12,13.6,あくま系,あくま系,1,25,1,あくま系,とり系,,,,,,,,,,,,,
208,バンパイアラット,4,2,3,2,4,7,7,なかまをよぶ,15,14,あくま系,あくま系,26,50,1,あくま系,よるのていおう,,,,,,,,,,,,,
209,おおめだま,4,5,3,2,2,7.7,7.7,ベギラマ,16,15.4,あくま系,あくま系,26,50,1,あくま系,むし系,,,,,,,,,,,,,
210,スカルライダー,3,4,3,4,4,8.6,8.6,さみだれぎり,18,17.2,あくま系,あくま系,26,50,1,あくま系,ゾンビ系,,,,,,,,,,,,,
211,グレムリン,2,5,2,2,5,9.5,9.5,ホイミ,16,19,あくま系,あくま系,26,50,1,あくま系,けもの系,,,,,,,,,,,,,
212,バブルデーモン,4,4,4,2,4,12,12,てっぽうみず,18,24,あくま系,あくま系,26,75,1,あくま系,みず系,,,,,,,,,,,,,
213,ヘルビースト,4,3,3,4,3,10.5,10.5,ベギラマ,17,21,あくま系,あくま系,51,75,1,あくま系,ぶっしつ系,,,,,,,,,,,,,
214,メドーサボール,5,7,4,5,5,11.4,11.4,れんぞくこうげき,26,22.8,あくま系,あくま系,51,75,1,あくま系,ドラゴン系,,,,,,,,,,,,,
215,ひとつめピエロ,6,6,5,3,6,12.3,12.3,ギラ,26,24.6,あくま系,あくま系,51,75,1,ピクシー,スライム系,,,,,,,,,,,,,
216,バーサーカー,8,2,8,4,6,13,13,もろはぎり,28,26,あくま系,あくま系,51,100,1,つじぎりアックス,しにがみ,,,,,,,,,,,,,
217,オーク,6,7,5,4,5,13.2,13.2,ザオラル,27,26.4,あくま系,あくま系,76,100,1,あくま系,ビーンファイター,,,,,,,,,,,,,
218,オーガー,7,5,6,5,5,14.1,14.1,ばくれつけん,28,28.2,あくま系,あくま系,76,100,1,あくま系,おおきづち,,,,,,,,,,,,,
219,アンクルホーン,8,3,6,4,6,15,15,ヒャダルコ,27,30,あくま系,あくま系,76,100,1,あくま系,ダークホーン,,,,,,,,,,,,,
220,いどまじん,8,3,5,7,4,17,17,メラミ,27,34,あくま系,あくま系,76,125,1,ボストロール,ひょうがまじん,,,,,,,,,,,,,
221,ライオネック,6,5,7,3,4,15.9,15.9,バギ,25,31.8,あくま系,あくま系,101,125,1,あくま系,リザードマン,,,,,,,,,,,,,
222,アークデーモン,7,7,7,5,5,16.8,16.8,イオナズン,31,33.6,あくま系,あくま系,101,125,1,あくま系,？？？系,あくま系,ぶちキング,,,,,,,,,,,
223,じごくのもんばん,6,7,8,6,7,17.7,17.7,メラゾーマ,34,35.4,あくま系,あくま系,101,125,1,ベビーサタン,ベビーサタン,,,,,,,,,,,,,
224,きりさきピエロ,5,7,8,4,10,18.6,18.6,れんぞくこうげき,34,37.2,あくま系,あくま系,126,150,1,ひとつめピエロ,ひとつめピエロ,,,,,,,,,,,,,
225,グレンデル,7,8,7,5,6,19.5,19.5,れんぞくこうげき,33,39,あくま系,あくま系,126,150,1,あくま系,ドラゴンマッド,,,,,,,,,,,,,
226,シルバーデビル,8,9,8,4,7,20.5,20.5,ベギラゴン,36,41,あくま系,あくま系,126,150,1,あくま系,グレムリン,,,,,,,,,,,,,
227,あくましんかん,8,8,8,6,5,22,22,かがやくいき,35,44,あくま系,あくま系,126,175,1,ばけものしんぷ,まどうスライム,,,,,,,,,,,,,
228,あくまのきし,7,6,7,5,5,21.4,21.4,しんくうぎり,30,42.8,あくま系,あくま系,151,175,1,あくま系,さまようよろい,,,,,,,,,,,,,
229,ギガンテス,8,7,7,6,8,22.3,22.3,まじんぎり,36,44.6,あくま系,あくま系,151,175,1,あくま系,ビックアイ,,,,,,,,,,,,,
230,デビルアーマー,8,10,8,7,7,23.2,23.2,しゃくねつ,40,46.4,あくま系,あくま系,151,175,1,あくま系,よろいムカデ,,,,,,,,,,,,,
231,グランドサタン,12,12,7,7,4,25,25,ベギラゴン,42,50,あくま系,あくま系,151,200,1,ボストロール,グレイトドラゴン,,,,,,,,,,,,,
232,ボストロール,10,3,11,7,5,24,24,まじんぎり,36,48,あくま系,あくま系,176,200,1,アンクルホーン,けもの系,,,,,,,,,,,,,
233,ずしおうまる,9,10,8,6,4,24.1,24.1,さみだれぎり,37,48.2,あくま系,あくま系,176,200,1,じごくのもんばん,けもの系,,,,,,,,,,,,,
234,ジャミラス,10,10,9,7,9,25,25,ばくれつけん,45,50,あくま系,あくま系,176,225,1,アクバー,にじくじゃく,,,,,,,,,,,,,
235,アクバー,10,10,10,9,9,26,30,ライデイン,48,56,あくま系,あくま系,201,250,1,グレンデル,グレンデル,,,,,,,,,,,,,
236,デュラン,10,10,9,8,10,28,27,ギガスラッシュ,47,55,あくま系,あくま系,201,250,1,ずしおうまる,ゴールデンゴーレム,,,,,,,,,,,,,
237,だいまどう,20,10,15,10,10,125,70,バギクロス,65,195,あくま系,あくま系,251,300,1,あくましんかん,ダークキング,,,,,,,,,,,,,
238,ランプのまおう,20,8,20,12,8,200,50,ベホマ,68,250,あくま系,あくま系,251,500,1,ずしおうまる,？？？系,,,,,,,,,,,,,
239,タイタニス,30,13,32,15,18,280,20,イオナズン,108,300,あくま系,あくま系,251,500,0,デュラン,ダークホーン,,,,,,,,,,,,,
240,ゴースト,1,2,1,2,2,5,5,メラ,8,10,ゾンビ系,ゾンビ系,1,25,1,ゾンビ系,スライム系,,,,,,,,,,,,,
241,マミー,2,2,1,1,2,6.6,6.4,なかまをよぶ,8,13,ゾンビ系,ゾンビ系,1,25,1,ゾンビ系,しょくぶつ系,,,,,,,,,,,,,
242,スカルサーペント,3,2,3,2,1,8,7,ヒャド,11,15,ゾンビ系,ゾンビ系,1,50,1,ゾンビ系,みず系,,,,,,,,,,,,,
243,やたがらす,2,3,1,2,4,8.2,7.8,いなずまぎり,12,16,ゾンビ系,ゾンビ系,26,50,1,ゾンビ系,とり系,,,,,,,,,,,,,
244,ダーククラブ,3,5,2,5,2,9.8,9.2,ヒャド,17,19,ゾンビ系,ゾンビ系,26,50,1,ゾンビ系,むし系,,,,,,,,,,,,,
245,さかさゾンビ,4,2,4,1,4,12,10,こおりのいき,15,22,ゾンビ系,ゾンビ系,26,75,1,くさったしたい,くさったしたい,,,,,,,,,,,,,
246,アニマルゾンビ,2,4,2,2,3,13.1,11.9,ギラ,13,25,ゾンビ系,ゾンビ系,51,75,1,ゾンビ系,けもの系,,,,,,,,,,,,,
247,くさったしたい,3,2,2,3,2,11.4,10.6,さみだれぎり,12,22,ゾンビ系,ゾンビ系,51,75,1,ゴースト,けもの系,,,,,,,,,,,,,
248,きつねび,5,3,3,4,4,14,12,メラミ,19,26,ゾンビ系,ゾンビ系,51,100,1,ナイトウイプス,けもの系,,,,,,,,,,,,,
249,しりょうのきし,3,4,3,3,2,14.7,13.3,ホイミ,15,28,ゾンビ系,ゾンビ系,76,100,1,ゾンビ系,あくま系,,,,,,,,,,,,,
250,エビルスピリッツ,5,2,4,4,4,16.3,14.7,いなずま,19,31,ゾンビ系,ゾンビ系,76,100,1,ゾンビ系,ドラゴン系,,,,,,,,,,,,,
251,ばけものしんぷ,5,3,4,3,4,17,15,かえんのいき,19,32,ゾンビ系,ゾンビ系,76,125,1,ゾンビ系,さまようしんかん,,,,,,,,,,,,,
252,シャドー,4,3,5,3,7,17.9,16.1,さみだれぎり,22,34,ゾンビ系,ゾンビ系,101,125,1,ゾンビ系,ぶっしつ系,,,,,,,,,,,,,
253,マッドロン,4,6,5,5,5,19.5,17.5,ザオラル,25,37,ゾンビ系,ゾンビ系,101,125,1,ゾンビ系,おおなめくじ,,,,,,,,,,,,,
254,ゆうれいせんちょう,8,5,7,4,5,22,20,すいりゅうぎり,29,42,ゾンビ系,ゾンビ系,101,150,1,ボーンプリズナー,みず系,,,,,,,,,,,,,
255,ナイトウイプス,6,4,5,4,7,21.1,18.9,かまいたち,26,40,ゾンビ系,ゾンビ系,126,150,1,ゾンビ系,ミストウイング,,,,,,,,,,,,,
256,ウインドマージ,5,7,6,5,7,22.7,20.3,バギマ,30,43,ゾンビ系,ゾンビ系,126,150,1,ゾンビ系,かまいたち,,,,,,,,,,,,,
257,ポムポムボム,7,5,4,6,5,25,23,バギマ,27,48,ゾンビ系,ゾンビ系,126,175,1,マネマネ,フーセンドラゴン,,,,,,,,,,,,,
258,スカルゴン,7,4,8,4,4,24.3,21.7,マヒャドぎり,27,46,ゾンビ系,ゾンビ系,151,175,1,ゾンビ系,ソードドラゴン,,,,,,,,,,,,,
259,しにがみ,7,6,6,3,3,25.9,23.1,しんくうぎり,25,49,ゾンビ系,ゾンビ系,151,175,1,ゾンビ系,とうちゅうかそう,,,,,,,,,,,,,
260,ナイトリッチ,10,4,9,7,4,30,28,もろはぎり,34,58,ゾンビ系,ゾンビ系,151,200,1,がいこつけんし,キラーマシン２,,,,,,,,,,,,,
261,しにがみきぞく,8,10,7,6,5,27.6,24.4,ベホマ,36,52,ゾンビ系,ゾンビ系,176,200,1,しりょうのきし,しりょうのきし,,,,,,,,,,,,,
262,ボーンプリズナー,7,6,7,7,7,29.2,25.8,いなずまぎり,34,55,ゾンビ系,ゾンビ系,176,200,1,マミー,はなまどう,,,,,,,,,,,,,
263,マネマネ,6,10,6,5,8,30.8,27.2,しゃくねつ,35,58,ゾンビ系,ゾンビ系,176,225,1,-,-,,,,,,,,,,,,,
264,がいこつけんし,7,8,8,9,6,32.4,28.6,ばくれつけん,38,61,ゾンビ系,ゾンビ系,201,250,1,ボーンプリズナー,ボーンプリズナー,,,,,,,,,,,,,
265,まおうのつかい,9,8,9,10,8,34,30,ヒャダルコ,44,64,ゾンビ系,ゾンビ系,201,275,1,がいこつけんし,がいこつけんし,,,,,,,,,,,,,
266,くさりまじん,15,10,15,15,12,120,80,ばくれつけん,67,200,ゾンビ系,ゾンビ系,201,300,1,マミー,ギガンテス,,,,,,,,,,,,,
267,ワイトキング,17,18,18,17,17,180,100,マヒャド,87,280,ゾンビ系,ゾンビ系,251,500,1,ゾンビ系,？？？系,ボーンプリズナー,アンドレアル,,,,,,,,,,,
268,ラザマナス,20,25,20,20,22,150,150,バギクロス,107,300,ゾンビ系,ゾンビ系,251,500,0,ワイトキング,りゅうおう,,,,,,,,,,,,,
269,トーテムキラー,2,2,2,1,1,5,5,ホイミ,8,10,ぶっしつ系,ぶっしつ系,1,25,1,ぶっしつ系,しょくぶつ系,,,,,,,,,,,,,
270,おどるほうせき,2,3,1,2,5,5.2,120,ギラ,13,125.2,ぶっしつ系,ぶっしつ系,1,25,1,ぶっしつ系,スライム系,,,,,,,,,,,,,
271,ネジまきどり,3,2,3,2,2,6.1,6.1,ギラ,12,12.2,ぶっしつ系,ぶっしつ系,1,25,1,ぶっしつ系,とり系,,,,,,,,,,,,,
272,ブラシこぞう,4,2,4,2,2,8,8,なかまをよぶ,14,16,ぶっしつ系,ぶっしつ系,1,50,1,ぶっしつ系,みず系,,,,,,,,,,,,,
273,とつげきこぞう,5,2,5,3,1,9,8,しんくうは,16,17,ぶっしつ系,ぶっしつ系,26,50,1,とげぼうず,うごくせきぞう,,,,,,,,,,,,,
274,とげぼうず,3,2,2,1,2,7.3,7.3,バギ,10,14.6,ぶっしつ系,ぶっしつ系,26,50,1,ぶっしつ系,むし系,,,,,,,,,,,,,
275,あくまのカガミ,3,6,3,3,2,8.4,8.4,イオラ,17,16.8,ぶっしつ系,ぶっしつ系,26,50,1,ぶっしつ系,あくま系,,,,,,,,,,,,,
276,おばけキャンドル,3,4,2,2,1,9.5,9.5,メラ,12,19,ぶっしつ系,ぶっしつ系,26,75,1,ぶっしつ系,けもの系,,,,,,,,,,,,,
277,パペットマン,4,3,3,3,2,11,10,バギ,15,21,ぶっしつ系,ぶっしつ系,51,75,1,フィアーパペット,しょくぶつ系,,,,,,,,,,,,,
278,フィアーパペット,4,4,2,4,1,12,12,イオ,15,24,ぶっしつ系,ぶっしつ系,51,75,1,ぶっしつ系,グレムリン,,,,,,,,,,,,,
279,エビルワンド,3,5,3,2,3,10.7,10.7,つめたいいき,16,21.4,ぶっしつ系,ぶっしつ系,51,75,1,ぶっしつ系,ドラゴン系,,,,,,,,,,,,,
280,マドハンド,5,3,4,3,4,11.8,11.8,なかまをよぶ,19,23.6,ぶっしつ系,ぶっしつ系,51,100,1,おどるほうせき,スライム系,,,,,,,,,,,,,
281,さまようよろい,6,3,5,3,4,13,13,ベホイミ,21,26,ぶっしつ系,ぶっしつ系,76,100,1,ぶっしつ系,ゾンビ系,,,,,,,,,,,,,
282,ファントムグラス,6,3,6,4,5,15,12,れんぞくこうげき,24,27,ぶっしつ系,ぶっしつ系,76,100,1,あくまのカガミ,キラーウェーブ,,,,,,,,,,,,,
283,ミステリドール,5,4,4,4,3,14.1,14.1,しんくうぎり,20,28.2,ぶっしつ系,ぶっしつ系,76,100,1,ぶっしつ系,リップス,,,,,,,,,,,,,
284,ひとくいサーベル,4,6,5,3,4,15.2,15.2,ヒャド,22,30.4,ぶっしつ系,ぶっしつ系,76,125,1,ぶっしつ系,おおみみず,,,,,,,,,,,,,
285,のろいのランプ,5,4,5,3,3,16.4,16.4,ヒャダルコ,20,32.8,ぶっしつ系,ぶっしつ系,101,125,1,ぶっしつ系,ふゆうじゅ,,,,,,,,,,,,,
286,デスソーサー,6,3,8,2,3,18,18,イオラ,22,36,ぶっしつ系,ぶっしつ系,101,125,1,ぶっしつ系,ドラキー,,,,,,,,,,,,,
287,フレイム,7,6,6,5,4,20,20,しゃくねつ,28,40,ぶっしつ系,ぶっしつ系,101,125,1,おばけキャンドル,ひくいどり,,,,,,,,,,,,,
288,ブリザード,6,7,5,6,5,20,20,こごえるふぶき,29,40,ぶっしつ系,ぶっしつ系,101,150,1,おばけキャンドル,ホークブリザード,,,,,,,,,,,,,
289,ギズモ,5,4,5,4,5,17.5,17.5,ひのいき,23,35,ぶっしつ系,ぶっしつ系,126,150,1,マドハンド,かりゅうそう,,,,,,,,,,,,,
290,あくまのつぼ,5,7,6,3,3,18.6,18.6,しゃくねつ,24,37.2,ぶっしつ系,ぶっしつ系,126,150,1,ぶっしつ系,スライムつむり,,,,,,,,,,,,,
291,どろにんぎょう,6,6,6,3,4,19.8,19.8,ホイミ,25,39.6,ぶっしつ系,ぶっしつ系,126,150,1,マドハンド,マドハンド,,,,,,,,,,,,,
292,プロトキラー,8,2,8,5,5,22,22,さみだれぎり,28,44,ぶっしつ系,ぶっしつ系,126,175,1,さまようよろい,あくま系,,,,,,,,,,,,,
293,つじぎりアックス,8,4,7,4,5,23,23,もろはぎり,28,46,ぶっしつ系,ぶっしつ系,151,175,1,ひとくいサーベル,けもののきし,,,,,,,,,,,,,
294,ミミック,8,7,5,4,5,20.9,20.9,ベギラマ,29,41.8,ぶっしつ系,ぶっしつ系,151,175,1,ぶっしつ系,ボックススライム,,,,,,,,,,,,,
295,ゴーレム,8,6,7,6,3,22,22,いなずま,30,44,ぶっしつ系,ぶっしつ系,151,175,1,どろにんぎょう,どろにんぎょう,,,,,,,,,,,,,
296,うごくせきぞう,8,5,6,7,8,23.2,23.2,もろはぎり,34,46.4,ぶっしつ系,ぶっしつ系,151,200,1,ゴーレム,ゴーレム,,,,,,,,,,,,,
297,くものだいおう,10,5,8,6,3,26,26,バギクロス,32,52,ぶっしつ系,ぶっしつ系,176,200,1,ギズモ,スカイドラゴン,,,,,,,,,,,,,
298,がんせきグモ,10,4,8,7,5,27,27,いなずま,34,54,ぶっしつ系,ぶっしつ系,176,200,1,ぶっしつ系,ぐんたいアリ,,,,,,,,,,,,,
299,さまようしんかん,8,6,8,7,6,28,28,グランドクロス,35,56,ぶっしつ系,ぶっしつ系,176,200,1,ファントムグラス,まどうスライム,,,,,,,,,,,,,
300,ばくだんいわ,6,10,6,4,5,24.3,24.3,かまいたち,31,48.6,ぶっしつ系,ぶっしつ系,176,250,1,ぶっしつ系,ゴーレム,,,,,,,,,,,,,
301,キラーマシン,8,9,7,8,6,25.4,25.4,ばくれつけん,38,50.8,ぶっしつ系,ぶっしつ系,201,250,1,ぶっしつ系,スカルライダー,,,,,,,,,,,,,
302,メタルドラゴン,9,8,8,8,8,26.6,50,こおりのいき,41,76.6,ぶっしつ系,ぶっしつ系,201,250,1,ぶっしつ系,アンドレアル,,,,,,,,,,,,,
303,デッドマスカー,10,9,9,9,9,30,10,イオナズン,46,40,ぶっしつ系,ぶっしつ系,201,250,1,ファントムグラス,スカルゴン,,,,,,,,,,,,,
304,ようがんまじん,9,8,8,7,7,27.7,27.7,しゃくねつ,39,55.4,ぶっしつ系,ぶっしつ系,201,300,1,メタルドラゴン,アークデーモン,,,,,,,,,,,,,
305,ひょうがまじん,8,9,7,8,7,28.9,28.9,こごえるふぶき,39,57.8,ぶっしつ系,ぶっしつ系,251,300,1,キラーマシン,キングレオ,,,,,,,,,,,,,
306,ゴールデンゴーレム,9,9,9,10,9,35,60,ジゴスパーク,46,95,ぶっしつ系,ぶっしつ系,251,300,1,ひょうがまじん,ようがんまじん,,,,,,,,,,,,,
307,バルザック,10,10,10,9,8,30,30,グランドクロス,47,60,ぶっしつ系,ぶっしつ系,251,400,1,ぶっしつ系,？？？系,,,,,,,,,,,,,
308,セルゲイナス,10,10,10,11,10,40,70,ギガデイン,51,110,ぶっしつ系,ぶっしつ系,251,400,1,ゴールデンゴーレム,バトルレックス,,,,,,,,,,,,,
309,グリフィンクス,15,8,18,15,15,80,70,マヒャド,71,150,ぶっしつ系,ぶっしつ系,301,400,1,うごくせきぞう,うごくせきぞう,,,,,,,,,,,,,
310,キラーマシン２,20,5,30,25,10,100,60,ギガスラッシュ,90,160,ぶっしつ系,ぶっしつ系,301,500,1,キラーマシン,キラーマシン,,,,,,,,,,,,,
311,ダーククリスタル,21,18,32,25,15,150,100,パルプンテ,111,250,ぶっしつ系,ぶっしつ系,401,500,0,ひょうがまじん,クリスタルスライム,ようがんまじん,クリスタルスライム,,,,,,,,,,,
312,ダークマター,22,20,35,20,15,200,150,ジゴスパーク,112,350,ぶっしつ系,ぶっしつ系,401,500,0,ゴールデンゴーレム,メタルキング,,,,,,,,,,,,,
313,ドラゴンマシン,25,17,37,27,18,250,180,ギガスラッシュ,124,430,ぶっしつ系,ぶっしつ系,401,500,0,キラーマシン２,ギガントドラゴン,,,,,,,,,,,,,
314,プチイール,4,4,4,2,2,10,10,てっぽうみず,16,20,みず系,みず系,1,25,1,みず系,スライム系,,,,,,,,,,,,,
315,おおうつぼ,4,5,3,4,7,7,7,なかまをよぶ,23,14,みず系,みず系,1,25,1,みず系,ドラゴン系,,,,,,,,,,,,,
316,トドマン,5,4,5,4,4,8,8,もろはぎり,22,16,みず系,みず系,1,25,1,みず系,けもの系,,,,,,,,,,,,,
317,レイギガース,6,4,6,4,4,10,10,ベギラマ,24,20,みず系,みず系,1,50,1,みず系,とり系,,,,,,,,,,,,,
318,エビルソピタル,5,4,4,3,4,9.5,9.5,ベギラマ,20,19,みず系,みず系,26,50,1,みず系,しょくぶつ系,,,,,,,,,,,,,
319,アクアパラソル,5,8,5,5,4,10.5,10.5,つなみ,27,21,みず系,みず系,26,50,1,みず系,むし系,,,,,,,,,,,,,
320,おばけヒトデ,5,6,4,4,3,12,12,バギ,22,24,みず系,みず系,26,50,1,オクトリーチ,スライム系,,,,,,,,,,,,,
321,マーマン,6,6,4,6,3,14,14,ザオラル,25,28,みず系,みず系,26,75,1,みず系,あくま系,,,,,,,,,,,,,
322,ようかいぎょ,5,7,5,4,5,13,13,てっぽうみず,26,26,みず系,みず系,51,75,1,みず系,ゾンビ系,,,,,,,,,,,,,
323,たこつぼこぞう,7,5,6,5,6,15,15,ベホイミ,29,30,みず系,みず系,51,75,1,みず系,ぶっしつ系,,,,,,,,,,,,,
324,オクトリーチ,8,5,7,5,6,18,18,すいりゅうぎり,31,36,みず系,みず系,51,75,1,プチイール,けもの系,,,,,,,,,,,,,
325,イルカちょうちん,7,6,6,6,5,16.5,16.5,なかまをよぶ,30,33,みず系,みず系,76,100,1,みず系,とげぼうず,,,,,,,,,,,,,
326,エビルアングラー,6,8,7,5,6,18.7,18.7,ライデイン,32,37.4,みず系,みず系,76,100,1,プチイール,ぶっしつ系,,,,,,,,,,,,,
327,フィッシュライダー,7,6,7,5,5,19.5,19.5,さみだれぎり,30,39,みず系,みず系,76,100,1,エビルアングラー,スカルライダー,,,,,,,,,,,,,
328,とつげきうお,8,5,10,4,5,22,22,つめたいいき,32,44,みず系,みず系,76,125,1,エビルアングラー,ドラゴン系,,,,,,,,,,,,,
329,ガマニアン,7,6,7,6,7,19.5,19.5,ベギラマ,33,39,みず系,みず系,101,125,1,アクアパラソル,むし系,,,,,,,,,,,,,
330,マッドロブスター,7,9,8,5,5,21,21,もろはぎり,34,42,みず系,みず系,101,125,1,ガマニアン,ぐんたいガニ,,,,,,,,,,,,,
331,クラブマン,8,8,8,5,6,22.3,22.3,いなずまぎり,35,44.6,みず系,みず系,101,125,1,マッドロブスター,マッドロブスター,,,,,,,,,,,,,
332,キラーウェーブ,10,4,10,7,7,24.5,24.5,マヒャド,38,49,みず系,みず系,101,150,1,みず系,おどるほうせき,,,,,,,,,,,,,
333,たまてがい,10,9,7,6,7,25,25,つなみ,39,50,みず系,みず系,126,150,1,キラーウェーブ,あくま系,,,,,,,,,,,,,
334,シーホース,10,8,9,8,5,26,26,こごえるふぶき,40,52,みず系,みず系,126,150,1,プチイール,ドラゴン系,,,,,,,,,,,,,
335,イカずきん,10,7,8,9,10,27.7,27.7,イオラ,44,55.4,みず系,みず系,126,150,1,クラブマン,ホエールマージ,,,,,,,,,,,,,
336,マータイガー,12,7,10,8,5,30,30,マヒャド,42,60,みず系,みず系,126,175,1,マーマン,キラーパンサー,,,,,,,,,,,,,
337,アックスシャーク,8,12,8,6,7,30,30,すいりゅうぎり,41,60,みず系,みず系,151,175,1,クラブマン,バトルレックス,,,,,,,,,,,,,
338,ダゴン,10,11,9,10,8,32.6,32.6,マヒャドぎり,48,65.2,みず系,みず系,151,175,1,オクトリーチ,オクトリーチ,,,,,,,,,,,,,
339,だいおうイカ,11,10,10,10,10,30.7,80.4,ザオリク,51,111.1,みず系,みず系,151,175,1,ダゴン,ダゴン,,,,,,,,,,,,,
340,ディゴング,11,10,10,9,9,31,31,しゃくねつ,49,62,みず系,みず系,176,200,1,とつげきうお,デンタザウルス,,,,,,,,,,,,,
341,ホエールマージ,10,11,9,10,9,32,32,つなみ,49,64,みず系,みず系,176,250,1,イカずきん,ひとつめピエロ,,,,,,,,,,,,,
342,しんかいりゅう,15,15,15,14,13,60,60,バギクロス,72,120,みず系,みず系,201,250,1,ディゴング,グレイトドラゴン,,,,,,,,,,,,,
343,ヘルパイレーツ,14,14,14,15,14,70,90,ギガスラッシュ,71,160,みず系,みず系,201,250,1,ダゴン,ライオネック,,,,,,,,,,,,,
344,グランドシャーク,20,10,27,25,18,120,100,マヒャド,100,220,みず系,みず系,201,500,1,アックスシャーク,けもの系,,,,,,,,,,,,,
345,グラコス,22,7,32,27,12,150,110,イオナズン,100,260,みず系,みず系,251,500,1,みず系,？？？系,,,,,,,,,,,,,
346,ポセイドン,24,22,37,22,17,200,150,ギガデイン,122,350,みず系,みず系,251,500,0,グラコス,ムドー,,,,,,,,,,,,,
347,りゅうおう,14,15,13,14,14,250,250,ベホマ,70,500,？？？系,？？？系,1,150,0,まおうのつかい,グレイトドラゴン,まおうのつかい,アンドレアル,,,,,,,,,,,
348,竜王,15,15,14,13,14,255,255,ばくれつけん,71,510,？？？系,？？？系,1,150,0,りゅうおう,しんりゅう,,,,,,,,,,,,,
349,ハーゴン,16,15,14,14,15,260,260,ぱふぱふ,74,520,？？？系,？？？系,1,150,0,ワイトキング,メタルキング,,,,,,,,,,,,,
350,シドー,16,15,14,15,15,265,265,まじんぎり,75,530,？？？系,？？？系,1,150,0,ジャミラス,ローズバトラー,,,,,,,,,,,,,
351,バラモス,16,17,15,16,16,270,270,マヒャドぎり,80,540,？？？系,？？？系,1,150,0,ハーゴン,やまたのおろち,,,,,,,,,,,,,
352,ゾーマ,16,16,15,14,16,275,275,ギガスラッシュ,77,550,？？？系,？？？系,1,150,0,りゅうおう,シドー,,,,,,,,,,,,,
353,デスピサロ,17,16,16,15,17,280,280,イオナズン,81,560,？？？系,？？？系,1,150,0,デュラン,しんりゅう,,,,,,,,,,,,,
354,エスターク,15,18,16,16,17,285,285,バギクロス,82,570,？？？系,？？？系,151,300,0,デスピサロ,キングレオ,,,,,,,,,,,,,
355,ミルドラース,16,17,16,17,17.3,290,290,ギガデイン,83.3,580,？？？系,？？？系,151,300,0,エスターク,ゴールデンスライム,,,,,,,,,,,,,
356,魔王ミルドラース,16,15,17,17,17.3,295,295,マヒャド,82.3,590,？？？系,？？？系,151,300,0,ミルドラース,デンタザウルス,,,,,,,,,,,,,
357,ムドー,18,18,17,18,17.6,300,300,ジゴスパーク,88.6,600,？？？系,？？？系,151,300,0,バラモス,ダークホーン,,,,,,,,,,,,,
358,デスタムーア,18,18,18,17,17.6,305,305,マダンテ,88.6,610,？？？系,？？？系,151,300,0,ゾーマ,ミルドラース,,,,,,,,,,,,,
359,魔王デスタムーア,17,17,18,17.5,17.9,310,310,パルプンテ,87.4,620,？？？系,？？？系,151,300,0,デスタムーア,さそりアーマー,,,,,,,,,,,,,
360,大魔王デスタムーア,18,17,18,17.7,17.9,315,315,ザオラル,88.6,630,？？？系,？？？系,151,300,0,魔王デスタムーア,ムドー,,,,,,,,,,,,,
361,オルゴ・デミーラ,20,18,20,18,20,320,320,イオナズン,96,640,？？？系,？？？系,301,400,0,サイコピサロ,ナイトリッチ,,,,,,,,,,,,,
362,しん・りゅうおう,40,30,55,35,25,800,500,ギガデイン,185,1300,？？？系,？？？系,301,400,0,竜王,オリハルゴン,,,,,,,,,,,,,
363,ジェノシドー,38,35,55,40,25,1000,700,ジゴスパーク,193,1700,？？？系,？？？系,301,400,0,シドー,タイタニス,,,,,,,,,,,,,
364,アスラゾーマ,45,35,55,35,25,1200,900,ギガスラッシュ,195,2100,？？？系,？？？系,301,400,0,ゾーマ,サイコピサロ,,,,,,,,,,,,,
365,サイコピサロ,40,40,50,40,25,1300,1000,マヒャド,195,2300,？？？系,？？？系,301,400,0,デスピサロ,エスターク,,,,,,,,,,,,,
366,ダークドレアム,45,40,60,40,25,1500,1500,ザオリク,210,3000,？？？系,？？？系,301,400,0,大魔王デスタムーア,わたぼう,,,,,,,,,,,,,
367,魔王オルゴ・デミーラ,38,25,50,35,25,1300,1200,マダンテ,173,2500,？？？系,？？？系,301,400,0,オルゴ・デミーラ,しん・りゅうおう,,,,,,,,,,,,,
368,ドーク,10,10,10,10,10,0,0,パルプンテ,50,0,？？？系,-,0,0,0,-,-,,,,,,,,,,,,,
369,ジェノダーク,36,33,50,35,25,1400,1200,ジゴスパーク,179,2600,？？？系,？？？系,401,500,0,シドー,グレイトドラゴン,,,,,,,,,,,,,
370,カカロン,37,35,52,38,30,1800,1500,イオナズン,192,3300,？？？系,？？？系,401,500,0,みずのせいれい,しんりゅう,,,,,,,,,,,,,
371,クシャラミ,35,37,50,42,30,1900,1400,ギガデイン,194,3300,？？？系,？？？系,401,500,0,ひのせいれい,インフェルゴン,,,,,,,,,,,,,
372,バルバルー,40,35,55,40,35,2200,1700,ジゴスパーク,205,3900,？？？系,？？？系,401,500,0,かぜのせいれい,ギガントドラゴン,,,,,,,,,,,,,
373,ドメディ,42,38,55,45,38,2400,1900,ギガスラッシュ,218,4300,？？？系,？？？系,401,500,0,バルバルー,グリフィンクス,,,,,,,,,,,,,
374,てんかいじゅう,50,40,58,48,40,2600,2000,パルプンテ,236,4600,？？？系,？？？系,401,500,0,インフェルゴン,ひかりのせいれい,,,,,,,,,,,,,
375,ギスヴァーグ,52,37,55,45,40,2600,2200,ザオリク,229,4800,？？？系,？？？系,401,500,0,ドメディ,エスターク,,,,,,,,,,,,,
376,マガルギ,55,45,60,40,40,3000,2500,マダンテ,240,5500,？？？系,？？？系,401,500,0,オルゴ・デミーラ,ミルドラース,,,,,,,,,,,,,
377,アイぼう,40,60,40,40,80,0,0,ギガデイン,260,0,？？？系,-,0,0,0,-,-,,,,,わたぼう,ワルぼう,ワルぼう,わたぼう,ワルぼう,わたぼう,,,
378,かくれんぼう,50,70,50,50,50,0,0,ギガデイン,270,0,？？？系,-,0,0,0,-,-,,,,,アイぼう,ワンダーエッグ,ワンダーエッグ,アイぼう,ワンダーエッグ,アイぼう,,,
379,じげんりゅう,80,60,100,80,90,0,0,ジゴスパーク,410,0,？？？系,-,0,0,0,-,-,,,,,しん・りゅうおう,かくれんぼう,かくれんぼう,しん・りゅうおう,かくれんぼう,しん・りゅうおう,,,
380,ラーミア,100,100,100,100,100,0,0,ベホマ,500,0,？？？系,-,0,0,0,-,-,,,,,キングアズライル,じげんりゅう,じげんりゅう,キングアズライル,じげんりゅう,キングアズライル,,,
381,ゾーマズデビル,50,40,60,40,30,0,0,ジゴスパーク,220,0,？？？系,-,0,0,0,-,-,,,,,アスラゾーマ,ドーク,ドーク,アスラゾーマ,ドーク,アスラゾーマ,,,
382,マスタードラゴン,150,150,150,150,150,0,0,パルプンテ,750,0,？？？系,-,0,0,0,-,-,,,,,てんかいじゅう,ギスヴァーグ,ギスヴァーグ,てんかいじゅう,ギスヴァーグ,てんかいじゅう,,,
383,VIPSスライム,3,3,1,2,1,5,5,ギラ,10,10,スライム系,-,0,0,0,-,-,,,,,,,,,,,,,
384,ちのせいれい,30,10,25,30,10,300,300,イオナズン,105,600,せいれい系,通常,300,500,0,-,-,,,,,,,,,,,,,
385,みずのせいれい,20,20,20,20,20,300,300,マヒャド,100,600,せいれい系,通常,300,500,0,-,-,,,,,,,,,,,,,
386,ひのせいれい,25,20,30,10,20,300,300,ベギラゴン,105,600,せいれい系,通常,300,500,0,-,-,,,,,,,,,,,,,
387,かぜのせいれい,15,20,20,15,30,300,300,バギクロス,100,600,せいれい系,通常,300,500,0,-,-,,,,,,,,,,,,,
388,ひかりのせいれい,30,30,30,30,30,400,200,パルプンテ,150,600,せいれい系,通常,300,500,0,ちのせいれい,みずのせいれい,みずのせいれい,ちのせいれい,,,,,,,,,,,
389,やみのせいれい,30,30,30,30,30,400,200,ザオリク,150,600,せいれい系,通常,300,500,0,ひのせいれい,かぜのせいれい,かぜのせいれい,ひのせいれい,,,,,,,,,,,
390,イイロ,5,5,7,6,5,100,100,イオ,28,200,せいれい系,通常,400,500,0,スライム系,ちのせいれい,,,,,,,,,,,,,
391,ピモ,6,6,5,7,5,100,100,ギラ,29,200,せいれい系,通常,400,500,0,スライム系,ひのせいれい,,,,,,,,,,,,,
392,アルー,7,4,8,3,5,100,100,ヒャド,27,200,せいれい系,通常,400,500,0,スライム系,みずのせいれい,,,,,,,,,,,,,
393,ドリーン,8,4,4,5,5,100,100,バギ,26,200,せいれい系,通常,400,500,0,スライム系,かぜのせいれい,,,,,,,,,,,,,
394,パーラル,9,5,10,7,5,100,100,ザオラル,36,200,せいれい系,通常,400,500,0,スライム系,やみのせいれい,,,,,,,,,,,,,
395,泉こなた,45,50,70,40,70,600,100,れんぞくこうげき,275,700,らき☆すた,特殊,1,5,0,グランスライム,ひかりのせいれい,グランスライム,やみのせいれい,,,,,,,,,ひげ,ひかりorやみのせいれい,2018/5/23
396,柊かがみ,55,65,60,60,50,500,300,メラゾーマ,290,800,らき☆すた,特殊,1,5,0,ミルドラース,ひかりのせいれい,ミルドラース,やみのせいれい,,,,,,,,,ドレアムまでの？？？系どれか,ひかりorやみのせいれい,2018/5/23
397,柊つかさ,40,30,50,50,60,400,200,ベホマ,230,600,らき☆すた,特殊,1,5,0,柊かがみ,スライム,,,,,,,,,,,お姉さん,DQといえばこいつ,2018/5/23
398,高良みゆき,50,60,65,55,50,450,500,ぱふぱふ,280,950,らき☆すた,特殊,1,5,0,わたぼう,VIPSスライム,,,,,,,,,,,メダル交換所,メダル交換所,2018/5/23
399,小早川ゆたか,30,35,30,40,40,200,200,ベホイミ,175,400,らき☆すた,特殊,1,5,0,かぜのせいれい,泉こなた,,,,,,,,,,,風…なんだろう吹いている確実に,従姉とかには騙されるなよ,2018/5/23
400,岩崎みなみ,50,50,50,50,50,400,200,しんくうぎり,250,600,らき☆すた,特殊,1,5,0,ちのせいれい,ダークドレアム,,,,,,,,,,,つっちー,悪夢,2018/5/23
401,田村ひより,35,60,50,70,30,400,200,イオラ,245,600,らき☆すた,特殊,1,5,0,ゾーマ,わたぼう,,,,,,,,,,,大魔王様,ドレアムで使うアレ,2018/5/23
402,パトリシア・マーティン,50,40,55,45,45,300,200,パルプンテ,235,500,らき☆すた,特殊,1,5,0,泉こなた,ひかりのせいれい,,,,,,,,,,,"禁則事項です☆<div class=""kinsoku"">泉こなた</div>","禁則事項です☆<div class=""kinsoku"">ひかりのせいれい</div>",2018/5/23
403,かがみ＆つかさ,70,70,70,70,70,800,800,ザオリク,350,1600,らき☆すた,特殊,5,9,0,柊かがみ,柊つかさ,,,,,,,,,,,柊かがみ,柊つかさ,2018/5/23
404,こなた(魔法使い),20,80,80,20,50,600,100,ジゴスパーク,250,700,らき☆すた,特殊,5,9,0,泉こなた,ひとつめピエロ,,,,,,,,,,,泉こなた,それっぽいやつ,2018/5/23
405,日下部みさお,60,5,75,5,60,550,10,ばくれつけん,205,560,らき☆すた,特殊,5,9,0,柊かがみ,あばれうしどり,,,,,,,,,,,親友だじぇ！,あばれるクン,2018/5/23
406,峰岸あやの,40,50,45,55,55,300,300,かまいたち,245,600,らき☆すた,特殊,5,9,0,高良みゆき,ゴールデンスライム,,,,,,,,,,,金持ち,金持ち,2018/5/23
407,小神あきら,30,35,30,40,40,200,200,まじんぎり,175,400,らき☆すた,特殊,5,9,0,泉こなた,スーパーテンツク,,,,,,,,,,,泉こなた,テンツク,2020/9/24
408,宮河ひかげ,30,35,30,40,40,200,200,おおごえでさけぶ,175,400,らき☆すた,特殊,5,9,0,小早川ゆたか,おどるほうせき,,,,,,,,,,,小早川ゆたか,ほうせき,2020/9/24
409,鹿目まどか,20,65,40,60,40,300,100,ジゴスパーク,225,400,まどマギ,特殊,25,29,0,鹿目まどか(通常),キュゥべえ,,,,,,,,,,,まどか,べぇさん,2018/6/9
410,美樹さやか,70,20,65,70,50,400,100,マヒャドぎり,275,500,まどマギ,特殊,25,29,0,美樹さやか(通常),キュゥべえ,,,,,,,,,,,さやか,べぇさん,2018/6/9
411,巴マミ,60,70,70,70,70,800,800,パルプンテ,340,1600,まどマギ,特殊,25,29,0,巴マミ(通常),キュゥべえ,,,,,,,,,,,マミ,べぇさん,2018/6/9
412,佐倉杏子,75,50,70,60,50,800,800,ギガスラッシュ,305,1600,まどマギ,特殊,25,29,0,佐倉杏子(通常),キュゥべえ,,,,,,,,,,,杏子,べぇさん,2018/6/9
413,暁美ほむら,45,50,50,60,60,500,10,メラ,265,510,まどマギ,特殊,25,29,0,暁美ほむら(通常),キュゥべえ,,,,,,,,,,,ほむら,べぇさん,2018/6/9
414,鹿目まどか(通常),5,20,10,15,10,50,20,ジゴスパーク,60,70,まどマギ,特殊,21,25,0,キングスライム,ひかりのせいれい,鹿目まどか,ゴールデンスライム,,,,,,,,,青いぷにぷにがアルティメット化した奴,ひかりのせいれい,2018/6/9
415,美樹さやか(通常),25,5,20,25,15,50,20,マヒャドぎり,90,70,まどマギ,特殊,21,25,0,ソードドラゴン,エスターク,美樹さやか,ゴールデンスライム,,,,,,,,,剣竜,グゴゴゴゴ……,2018/6/9
416,巴マミ(通常),20,20,20,20,20,50,50,さみだれぎり,100,100,まどマギ,特殊,21,25,0,マミー,ローズバトラー,巴マミ,ゴールデンスライム,,,,,,,,,名前の響きが似てるよね,薔薇なやつ,2018/6/9
417,佐倉杏子(通常),20,10,10,15,15,50,20,メラ,70,70,まどマギ,特殊,21,25,0,デュラン,ボックススライム,佐倉杏子,ゴールデンスライム,,,,,,,,,ダークドレアム似の悪魔系,箱なやつ,2018/6/9
418,暁美ほむら(通常),20,10,20,15,10,50,20,ギガスラッシュ,75,70,まどマギ,特殊,21,25,0,シャドー,やみのせいれい,暁美ほむら,ゴールデンスライム,,,,,,,,,影…？,やみのせいれい,2018/6/9
419,キュゥべえ,5,5,5,5,5,10,10,メラ,25,20,まどマギ,特殊,0,0,1,-,-,,,,,,,,,,,／人◕ ‿‿ ◕人＼「まどか達を最初にして僕と配合すると魔法少女になるよ」<br>／人◕ ‿‿ ◕人＼「ｺﾞｰﾙﾃﾞﾝｽﾗｲﾑと配合すると元に戻るみたいだね、わけがわからないよ」<br>／人◕ ‿‿ ◕人＼「僕は仲間になるからがんばってね」<br>／人◕ ‿‿ ◕人＼「僕はどこにいるのかって？まどか達の近くさ」<br> ／人◕ ‿‿ ◕人＼「契約できそうな子がいたら勧誘にいくよ」,,2018/6/9
420,立花響,80,30,80,30,80,500,300,ビッグバン,300,800,シンフォギア,特殊,41,49,0,鹿目まどか,ゴーレム,,,,,,,,,,,悠 木 碧,DQ8で合体してHP999になる奴,2018/7/13
421,風鳴翼,75,30,70,55,60,400,400,マヒャドぎり,290,800,シンフォギア,特殊,41,49,0,美樹さやか,キラーマシン,,,,,,,,,,,青い色々残念な子,青い防人マシーン,2018/7/13
422,雪音クリス,50,50,50,50,50,400,10,ジゴスパーク,250,410,シンフォギア,特殊,41,49,0,佐倉杏子,やみのせいれい,,,,,,,,,,,赤い口が悪い子,やみのせいれい,2018/7/13
423,マリア,100,50,100,50,100,700,500,ギガスラッシュ,400,1200,シンフォギア,特殊,41,49,0,立花響,オーク,,,,,,,,,,,シンフォギアのどれか,槍もち,2020/6/13
424,暁切歌,95,50,90,75,80,600,600,まじんぎり,390,1200,シンフォギア,特殊,41,49,0,風鳴翼,じごくのもんばん,,,,,,,,,,,シンフォギアのどれか,鎌もち,2020/6/13
425,月読調,70,70,70,70,70,600,300,ジゴスパーク,350,900,シンフォギア,特殊,41,49,0,雪音クリス,まおうのつかい,,,,,,,,,,,シンフォギアのどれか,遣い,2020/6/13
426,博麗霊夢,60,60,60,60,60,700,1,パルプンテ,300,701,東方,特殊,11,15,0,かがみ＆つかさ,ひかりのせいれい,,,,,,,,,,,巫女巫女,ひかりのせいれい,2019/4/17
427,霧雨魔理沙,35,65,40,30,100,500,100,ジゴスパーク,270,600,東方,特殊,11,15,0,こなた(魔法使い),巴マミ,,,,,,,,,,,(魔法使い),金髪の子かわいそう,2019/4/17
428,ルーミア,30,20,30,20,30,250,200,メラミ,130,450,東方,特殊,11,15,0,シドー,やみのせいれい,,,,,,,,,,,シドーなのかー,やみなのかー,2019/4/17
429,大妖精,15,30,15,10,25,100,100,ベホマ,95,200,東方,特殊,11,15,0,はねスライム,ひかりのせいれい,,,,,,,,,,,スライムで羽が生えてる,ひかりのせいれい,2019/4/17
430,チルノ,39,39,39,39,39,99,99,こごえるふぶき,195,198,東方,特殊,11,15,0,ひょうがまじん,ホークブリザード,ホークブリザード,ひょうがまじん,,,,,,,,,氷,氷,2019/4/17
431,紅美鈴,80,10,60,100,30,700,100,ばくれつけん,280,800,東方,特殊,15,19,0,じごくのもんばん,ダークドレアム,,,,,,,,,,,門番,中間素材と化したドレアム,2019/4/17
432,小悪魔,30,30,30,30,40,200,200,ザオラル,160,400,東方,特殊,15,19,0,デュラン,VIPSスライム,,,,,,,,,,,伝説の武具を取り上げる奴,VIPS,2019/4/17
433,パチュリー・ノーレッジ,1,90,90,1,1,100,600,マダンテ,183,700,東方,特殊,15,19,0,ゾーマ,こなた(魔法使い),,,,,,,,,,,ゾーマ,(魔法使い),2019/4/17
434,十六夜咲夜,60,60,60,60,60,500,500,いなずまぎり,300,1000,東方,特殊,15,19,0,バラモス,岩崎みなみ,,,,,,,,,,,初魔王,南,2019/4/17
435,レミリア・スカーレット,40,50,75,30,90,800,800,ギガスラッシュ,285,1600,東方,特殊,15,19,0,ダークドレアム,やみのせいれい,,,,,,,,,,,中間素材,やみのせいれい,2019/4/17
436,フランドール・スカーレット,100,0.1,100,30,100,1000,0.1,メラゾーマ,330.1,1000.1,東方,特殊,20,20,1,-,-,,,,,,,,,,,配合不可、エンカウント入手のみ,,2019/4/17
437,レティ・ホワイトロック,30,40,35,30,35,500,250,マヒャド,170,750,東方,特殊,31,35,0,チルノ,イエティ,,,,,,,,,,,⓽,なんか雪っぽい感あるやつ,2020/7/25
438,橙,35,25,35,25,35,300,300,メラ,155,600,東方,特殊,31,35,0,ルーミア,ねこまどう,,,,,,,,,,,なのかー,ねこっぽいの,2020/7/25
439,アリス・マーガトロイド,65,65,65,65,65,500,300,さみだれぎり,325,800,東方,特殊,31,35,0,霧雨魔理沙,フィアーパペット,,,,,,,,,,,まりさ,人形,2020/7/25
440,リリーホワイト,41,41,41,41,41,101,101,ヒャド,205,202,東方,特殊,31,35,0,大妖精,ファーラット,,,,,,,,,,,大ちゃん,ファーラット,2020/7/25
441,ルナサ・プリズムリバー,45,45,45,45,45,450,450,バギ,225,900,東方,特殊,31,35,0,メルラン・プリズムリバー,アロードッグ,,,,,,,,,,,↓のやつ,弓もってるの,2020/7/25
442,メルラン・プリズムリバー,35,35,35,35,35,350,350,イオ,175,700,東方,特殊,35,39,0,リリカ・プリズムリバー,ネジまきどり,,,,,,,,,,,↓のやつ,トランペットっぽいの,2020/7/25
443,リリカ・プリズムリバー,25,25,25,25,25,250,250,ギラ,125,500,東方,特殊,35,39,0,リリーホワイト,ガップリン,,,,,,,,,,,リリ白,りんご,2020/7/25
444,魂魄妖夢,60,30,70,55,50,500,300,まじんぎり,265,800,東方,特殊,35,39,0,美樹さやか,エビルスピリッツ,,,,,,,,,,,ほんとにバカな人,魂っぽいの,2020/7/25
445,西行寺幽々子,50,80,40,50,40,300,500,イオナズン,260,800,東方,特殊,35,39,0,パチュリー・ノーレッジ,ゴースト,,,,,,,,,,,虚弱体質な人,おばけ,2020/7/25
446,八雲藍,80,70,55,90,50,250,800,バギクロス,345,1050,東方,特殊,35,39,0,博麗霊夢,やまたのおろち,,,,,,,,,,,れーむ,9-1,2020/7/25
447,八雲紫,75,90,100,25,75,800,250,ジゴスパーク,365,1050,東方,特殊,40,40,1,-,-,,,,,,,,,,,配合不可、エンカウント入手のみ,,2020/7/25
448,伊吹萃香,50,25,70,50,55,500,300,ギガスラッシュ,250,800,東方,特殊,51,55,0,月詠小萌,ギガンテス,,,,,,,,,,,小さい酒飲み,巨人,2022/2/27
449,リグル・ナイトバグ,35,35,37,25,52,500,250,ギラ,184,750,東方,特殊,51,55,0,橙,ぐんたいアリ,,,,,,,,,,,オレンジ,アリ,2020/9/24
450,ミスティア・ローレライ,38,28,39,28,53,300,300,バギ,186,600,東方,特殊,51,55,0,リグル・ナイトバグ,ヘルコンドル,,,,,,,,,,,リグル・ナイトバグ,コンドル,2020/9/24
451,上白沢慧音,70,70,68,58,65,500,300,おおごえでさけぶ,331,800,東方,特殊,51,55,0,十六夜咲夜,キラーパンサー,,,,,,,,,,,ザ・ワールド,ゲレゲレ,2020/9/24
452,因幡てゐ,31,31,31,31,31,101,101,メラミ,155,202,東方,特殊,55,59,0,小早川ゆたか,アルミラージ,,,,,,,,,,,ゆーちゃん,ウサギ,2020/9/24
453,鈴仙・優曇華院・イナバ,50,64,42,42,67,500,300,もろはぎり,265,800,東方,特殊,55,59,0,柊かがみ,アルミラージ,,,,,,,,,,,ゆるキャラと化してるあの人,ウサギ,2020/9/24
454,八意永琳,80,73,40,50,40,300,500,ジゴスパーク,283,800,東方,特殊,55,59,0,パチュリー・ノーレッジ,ホイミスライム,,,,,,,,,,,パチュ,ホイミン,2020/9/24
455,蓬莱山輝夜,60,78,40,38,28,250,800,なかまをよぶ,244,1050,東方,特殊,55,59,0,八意永琳,ひかりのせいれい,,,,,,,,,,,(ﾟ∀ﾟ)o彡゜えーりん！えーりん！,ひかりのせいれい,2020/9/24
456,藤原妹紅,90,70,100,30,50,800,250,ギガスラッシュ,340,1050,東方,特殊,60,60,1,-,-,,,,,,,,,,,配合不可、エンカウント入手のみ,,2020/9/24
457,射命丸文,60,50,50,35,99,500,500,バギクロス,294,1000,東方,特殊,71,79,0,デスフラッター,やたがらす,,,,,,,,,,,烏,鴉,2021/3/4
458,メディスン・メランコリー,50,55,35,35,20,250,350,メラミ,195,600,東方,特殊,71,79,0,どろにんぎょう,バブルスライム,,,,,,,,,,,人形,毒,2021/3/4
459,風見幽香,54,87,45,40,25,450,400,メラゾーマ,251,850,東方,特殊,71,79,0,はなまどう,アクアパラソル,,,,,,,,,,,花,ぱらそる,2021/3/4
460,小野塚小町,66,33,33,33,33,333,333,まじんぎり,198,666,東方,特殊,71,79,0,しにがみ,エンゼルスライム,,,,,,,,,,,死神,天使,2021/3/4
461,四季映姫・ヤマザナドゥ,99,99,99,99,99,999,1,ジゴスパーク,495,1000,東方,特殊,80,80,1,-,-,,,,,,,,,,,配合不可、エンカウント入手のみ,,2021/3/4
462,秋静葉,40,35,30,25,35,200,400,メラゾーマ,165,600,東方,特殊,91,95,0,風見幽香,はなまどう,,,,,,,,,,,幽香,はな,2021/7/14
463,秋穣子,35,35,25,30,35,200,400,ベギラゴン,160,600,東方,特殊,91,95,0,秋静葉,ヘルボックル,,,,,,,,,,,秋静葉,木の精霊,2021/7/14
464,鍵山雛,45,40,35,28,38,250,300,ジゴスパーク,186,550,東方,特殊,91,95,0,ルーミア,グレムリン,,,,,,,,,,,なのかー,ぐれむりん,2021/7/14
465,河城にとり,45,50,38,35,35,300,800,ギガスラッシュ,203,1100,東方,特殊,91,95,0,チルノ,キラーマシン２,,,,,,,,,,,⑨,マシン,2021/7/14
466,犬走椛,50,45,43,40,40,400,350,バギクロス,218,750,東方,特殊,95,99,0,射命丸文,ベビーパンサー,,,,,,,,,,,新聞記者,パンサー,2021/7/14
467,東風谷早苗,35,30,35,40,30,200,300,パルプンテ,170,500,東方,特殊,95,99,0,博麗霊夢,かがみ＆つかさ,,,,,,,,,,,巫女,巫女巫女,2021/7/14
468,八坂神奈子,65,40,55,50,45,500,250,ばくれつけん,255,750,東方,特殊,95,99,0,藤原妹紅,やまたのおろち,,,,,,,,,,,妹紅,おろち,2021/7/14
469,洩矢諏訪子,70,65,50,60,50,550,300,マダンテ,295,850,東方,特殊,100,100,1,-,-,,,,,,,,,,,配合不可、エンカウント入手のみ,,2021/7/14
470,キスメ,35,25,20,15,15,300,200,メラ,110,500,東方,特殊,111,115,0,いどまじん,あくまのつぼ,,,,,,,,,,,井戸,壺,2022/2/27
471,黒谷ヤマメ,40,15,25,20,20,300,220,しんくうは,120,520,東方,特殊,111,115,0,スカルスパイダー,がんせきグモ,,,,,,,,,,,スパイダーマｯ,クモ,2022/2/27
472,水橋パルスィ,30,30,23,25,22,320,200,すいりゅうぎり,130,520,東方,特殊,111,115,0,河城にとり,ナイトウイプス,,,,,,,,,,,お値段以上,ナイトウイプス,2022/2/27
473,星熊勇儀,45,15,35,30,25,350,220,さみだれぎり,150,570,東方,特殊,111,115,0,伊吹萃香,八坂神奈子,,,,,,,,,,,幼女幼女つるぺた幼女,かなこ,2022/2/27
474,古明地さとり,30,35,20,25,25,300,300,パルプンテ,135,600,東方,特殊,115,119,0,西行寺 幽々子,おおめだま,,,,,,,,,,,ゆゆこ,目玉,2022/2/27
475,火焔猫燐,28,30,26,24,35,330,250,ベギラマ,143,580,東方,特殊,115,119,0,エビルスピリッツ,きつねび,,,,,,,,,,,エビルスピリッツ,きつねび,2022/2/27
476,霊烏路空,60,35,30,28,32,350,200,ビッグバン,185,550,東方,特殊,115,119,0,射命丸文,やたがらす,,,,,,,,,,,新聞記者,からす,2022/2/27
477,古明地こいし,45,25,32,30,33,330,280,グランドクロス,165,610,東方,特殊,120,120,1,-,-,,,,,,,,,,,配合不可、エンカウント入手のみ,,2022/2/27
478,ナズーリン,15,20,18,12,20,300,200,なかまをよぶ,85,500,東方,特殊,131,139,0,キスメ,バンパイアラット,,,,,,,,,,,キスメ,ねずみ,2022/10/13
479,多々良小傘,18,18,20,16,18,280,240,デイン,90,520,東方,特殊,131,139,0,ナズーリン,アクアパラソル,,,,,,,,,,,ナズーリン,傘,2022/10/13
480,雲居一輪,25,20,24,19,23,330,220,かまいたち,111,550,東方,特殊,131,139,0,エルキュール・バートン,くものだいおう,,,,,,,,,,,エリー,雲,2022/10/13
481,村紗水蜜,23,25,23,25,25,320,250,つなみ,121,570,東方,特殊,131,139,0,小野塚小町,泉こなた,,,,,,,,,,,小町,もってけ！セーラー服,2022/10/13
482,寅丸星,28,25,32,28,35,380,300,ギガデイン,148,680,東方,特殊,131,139,0,譲崎ネロ,ヘルゴラゴ,,,,,,,,,,,くずぅぅ,ヘルゴラゴ,2022/10/13
483,聖白蓮,35,30,28,26,33,400,320,パルプンテ,152,720,東方,特殊,131,139,0,八雲 紫,神裂火織,,,,,,,,,,,ゆかりん,ポニテジーンズ,2022/10/13
484,封獣ぬえ,38,35,35,32,35,410,333,マダンテ,175,743,東方,特殊,140,140,1,-,-,,,,,,,,,,,配合不可、エンカウント入手のみ,,2022/10/13
485,姫海棠はたて,30,26,25,22,35,350,125,バギ,138,475,東方,特殊,151,155,0,射命丸文,白井黒子,,,,,,,,,,,新聞記者,白黒,2023/7/25
486,サニーミルク,25,18,18,21,23,333,128,イオ,105,461,東方,特殊,151,155,0,大妖精,ひかりのせいれい,,,,,,,,,,,大妖精,ひかりのせいれい,2023/7/25
487,ルナチャイルド,32,22,21,17,20,222,222,メラ,112,444,東方,特殊,151,155,0,サニーミルク,イイロ,,,,,,,,,,,サニー,黄色,2023/7/25
488,スターサファイア,35,20,20,19,22,215,289,ヒャド,116,504,東方,特殊,151,155,0,ルナチャイルド,アルー,,,,,,,,,,,ルナ,青色,2023/7/25
489,幽谷響子,37,25,33,20,24,354,200,おおごえでさけぶ,139,554,東方,特殊,151,155,0,東北ずん子,マッドプラント,,,,,,,,,,,ずん子,プラント,2023/7/25
490,宮古芳香,52,10,28,15,19,389,158,こおりのいき,124,547,東方,特殊,156,159,0,月読調,くさったしたい,,,,,,,,,,,調,死体,2023/7/25
491,霍青娥,28,41,27,26,21,304,250,ベホマ,143,554,東方,特殊,156,159,0,河城にとり,ハーゴン,,,,,,,,,,,おねだん以上,大神官,2023/7/25
492,蘇我屠自古,32,12,38,29,28,350,150,もろはぎり,139,500,東方,特殊,156,159,0,音無小鳥,マネマネ,,,,,,,,,,,事務員,マネマネ,2023/7/25
493,物部布都,34,18,39,25,30,378,256,れんぞくこうげき,146,634,東方,特殊,156,159,0,小神あきら,しにがみきぞく,,,,,,,,,,,おは☆ラッキー,貴族,2023/7/25
494,豊聡耳神子,31,30,24,29,29,310,210,ギガスラッシュ,143,520,東方,特殊,156,159,0,東風谷早苗,ダークドレアム,,,,,,,,,,,守矢の巫女,中間素材,2023/7/25
495,二ッ岩マミゾウ,45,30,43,39,33,422,222,ギガデイン,190,644,東方,特殊,160,160,1,-,-,,,,,,,,,,,配合不可、エンカウント入手のみ,,2023/7/25
496,天海春香,35,20,12,15,15,83,300,なかまをよぶ,97,383,アイマス,特殊,61,65,0,大妖精,スライム,,,,,,,,,,,ふつうな妖精,ふつうなモンスタ,2020/10/25
497,如月千早,38,10,15,17,17,72,300,おおごえでさけぶ,97,372,アイマス,特殊,61,65,0,ミスティア・ローレライ,はぐれメタル,,,,,,,,,,,歌で人を狂わせる程度の能力,つるつるぺたぺた(Not人),2020/10/25
498,萩原雪歩,30,30,10,12,20,81,300,メラ,102,381,アイマス,特殊,61,65,0,リリーホワイト,キラースコップ,,,,,,,,,,,リリ白,スコップ,2020/10/25
499,菊地真,45,10,22,20,25,75,300,ばくれつけん,122,375,アイマス,特殊,61,65,0,日下部みさお,おどるほうせき,,,,,,,,,,,だってヴぁ,踊る,2020/10/25
500,高槻やよい,30,45,12,12,22,74,50,おおごえでさけぶ,121,124,アイマス,特殊,61,65,0,宮河ひかげ,エンゼルスライム,,,,,,,,,,,貧乏な子,天使,2020/10/25
501,水瀬伊織,32,50,18,15,25,77,5000,イオナズン,140,5077,アイマス,特殊,61,65,0,高槻やよい,柊かがみ,,,,,,,,,,,やよい,ツンデレ,2020/10/25
502,双海亜美,35,35,17,16,25,78,300,れんぞくこうげき,128,378,アイマス,特殊,61,65,0,チルノ,ベビーサタン,,,,,,,,,,,⑨,ベビー,2020/10/25
503,双海真美,35,35,15,16,25,78,300,れんぞくこうげき,126,378,アイマス,特殊,65,69,0,双海亜美,ひとつめピエロ,,,,,,,,,,,亜美,ピエロ,2020/10/25
504,三浦あずさ,40,91,16,20,8,91,300,ぱふぱふ,175,391,アイマス,特殊,65,69,0,高良みゆき,メタルキング,,,,,,,,,,,みWiki,すぐいなくなるやつ,2020/10/25
505,秋月律子,38,50,20,20,20,85,300,ギガデイン,148,385,アイマス,特殊,65,69,0,水瀬伊織,上白沢慧音,,,,,,,,,,,いおりん,先生,2020/10/25
506,星井美希,37,30,17,25,25,86,300,ギガスラッシュ,134,386,アイマス,特殊,65,69,0,天海春香,パトリシア・マーティン,,,,,,,,,,,のワの,パティ,2020/10/25
507,四条貴音,45,100,25,25,20,90,300,パルプンテ,215,390,アイマス,特殊,65,69,0,三浦あずさ,ひかりのせいれい,,,,,,,,,,,91,ひかりのせいれい,2020/10/25
508,我那覇響,50,20,25,25,25,83,300,ばくれつけん,145,383,アイマス,特殊,65,69,0,菊地真,おどるほうせき,,,,,,,,,,,まこちん,踊る,2020/10/25
509,音無小鳥,30,300,15,15,15,300,300,ザオリク,375,600,アイマス,特殊,65,69,0,秋月律子,四条貴音,,,,,,,,,,,りっちゃん,お尻ちん,2020/10/25
510,初音ミク,40,40,40,40,40,300,300,おおごえでさけぶ,200,600,ボカロ,特殊,81,89,0,天海春香,キラーマシン,,,,,,,,,,,のワの,マシン,2020/11/20
511,鏡音リン,30,30,30,30,30,250,250,なかまをよぶ,150,500,ボカロ,特殊,81,89,0,双海亜美,プロトキラー,双海真美,プロトキラー,,,,,,,,,いたずら双子<br>(どっちでもおｋ),プロトタイプ,2020/11/20
512,巡音ルカ,50,50,45,45,40,320,320,ぱふぱふ,230,640,ボカロ,特殊,81,89,0,四条貴音,キラーマシン２,,,,,,,,,,,お尻ちん,マシン2,2020/11/20
513,弱音ハク,45,45,38,37,38,320,320,かがやくいき,203,640,ボカロ,特殊,81,89,0,萩原雪歩,キラーマシン,,,,,,,,,,,ひんそーでちんちくりん,マシン,2020/11/20
514,亞北ネル,42,42,36,35,38,320,320,イオナズン,193,640,ボカロ,特殊,81,89,0,星井美希,キラーマシン,,,,,,,,,,,あふぅ,マシン,2020/11/20
515,MEIKO,50,50,45,45,40,320,320,ぱふぱふ,230,640,ボカロ,特殊,81,89,0,音無小鳥,プロトキラー,,,,,,,,,,,事務員,プロト,2020/11/20
516,岡部倫太郎,20,7,12,9,7,120,100,おおごえでさけぶ,55,220,シュタゲ,特殊,101,105,0,-,-,,,,,,,,,,,交換所のみ,,2021/9/22
517,椎名まゆり,23,15,9,9,15,120,100,てっぽうみず,71,220,シュタゲ,特殊,101,105,0,高良みゆき,ルーミア,,,,,,,,,,,みWiki,なのかー,2021/9/22
518,橋田至,18,10,15,12,5,120,150,なかまをよぶ,60,270,シュタゲ,特殊,101,105,0,岡部倫太郎,河城にとり,,,,,,,,,,,鳳凰院さん,河童,2021/9/22
519,牧瀬紅莉栖,17,20,10,10,12,200,250,つめたいいき,69,450,シュタゲ,特殊,101,105,0,如月千早,八意永琳,,,,,,,,,,,72,(　ﾟ∀ﾟ)o彡゜医者,2021/9/22
520,桐生萌郁,25,15,25,17,20,220,200,イオ,102,420,シュタゲ,特殊,105,109,0,三浦あずさ,弱音ハク,,,,,,,,,,,91,吐く,2021/9/22
521,漆原るか,22,25,17,10,15,150,150,しんくうぎり,89,300,シュタゲ,特殊,105,109,0,菊地真,かがみ＆つかさ,,,,,,,,,,,73-75,巫女巫女,2021/9/22
522,フェイリス,20,40,20,12,13,200,400,ぱふぱふ,105,600,シュタゲ,特殊,105,109,0,椎名まゆり,橙,,,,,,,,,,,まゆしぃ,化け猫,2021/9/22
523,阿万音鈴羽,30,20,30,25,30,300,300,ばくれつけん,135,600,シュタゲ,特殊,105,109,0,桐生萌郁,亞北ネル,,,,,,,,,,,ｼｬｲﾆﾝｸﾞﾌｨﾝｶﾞｰ,寝る,2021/9/22
524,上条当麻,50,5,40,40,35,300,10,パルプンテ,170,310,とある,特殊,121,125,0,岡部倫太郎,マスタードラゴン,,,,,,,,,,,オカリン,トロッコでぐるぐる回ってた人,2021/10/2
525,インデックス,30,50,25,66,30,333,333,パルプンテ,201,666,とある,特殊,121,125,0,こなた(魔法使い),佐倉杏子(通常),,,,,,,,,,,(魔法使い),教会の娘,2021/10/2
526,御坂美琴,40,40,45,35,55,350,700,ギガデイン,215,1050,とある,特殊,121,125,0,柊かがみ,サンダーバード,,,,,,,,,,,ツンデレ,雷鳥,2021/10/2
527,白井黒子,37,30,35,30,50,300,400,れんぞくこうげき,182,700,とある,特殊,121,125,0,月読調,暁美ほむら,,,,,,,,,,,月,無駄な争いをする馬鹿の敵,2021/10/2
528,初春飾利,20,20,20,20,25,250,200,なかまをよぶ,105,450,とある,特殊,121,125,0,白井黒子,牧瀬紅莉栖,,,,,,,,,,,白黒,ヽ(*ﾟдﾟ)ノ　＜　ｶｲﾊﾞｰ,2021/10/2
529,佐天涙子,25,10,25,25,30,310,310,バギ,115,620,とある,特殊,121,125,0,初春飾利,立花響,,,,,,,,,,,花飾り,ひびき,2021/10/2
530,一方通行,25,10,50,50,50,500,500,パルプンテ,185,1000,とある,特殊,125,129,0,上条当麻,スライムエンペラー,,,,,,,,,,,そげぶ,皇帝,2021/11/4
531,打ち止め,15,25,15,15,30,300,300,デイン,100,600,とある,特殊,125,129,0,御坂美琴,双海亜美,御坂美琴,双海真美,,,,,,,,,ビリビリ,いたずら双子,2021/11/4
532,御坂妹,20,30,20,20,35,350,350,ライデイン,125,700,とある,特殊,125,129,0,御坂美琴,岩崎みなみ,打ち止め,岩崎みなみ,,,,,,,,,ビリビリor打ち止め,南,2021/11/4
533,神裂火織,50,45,50,45,60,450,450,ギガスラッシュ,250,900,とある,特殊,125,129,0,マリア,魂魄妖夢,,,,,,,,,,,マリア,半霊剣士,2021/11/4
534,ステイル＝マグヌス,45,60,45,40,40,350,350,メラゾーマ,230,700,とある,特殊,125,129,0,漆原るか,ひのせいれい,,,,,,,,,,,男の娘,ひのせいれい,2021/11/4
535,月詠小萌,30,10,15,15,30,400,400,なかまをよぶ,100,800,とある,特殊,125,129,0,上白沢慧音,MEIKO,,,,,,,,,,,先生,MEIKO,2021/11/4
536,シャーロック・シェリンフォード,30,25,15,20,15,300,300,メラ,105,600,ミルキィ,特殊,141,149,0,佐天涙子,小早川ゆたか,,,,,,,,,,,レベル0,病弱っ娘,2022/6/7
537,譲崎ネロ,32,20,18,22,17,300,300,デイン,109,600,ミルキィ,特殊,141,149,0,鏡音リン,インデックス,,,,,,,,,,,リン,大食い,2022/6/7
538,エルキュール・バートン,27,30,22,20,13,300,300,しんくうは,112,600,ミルキィ,特殊,141,149,0,椎名まゆり,月詠小萌,,,,,,,,,,,まゆしぃ,ﾛﾘ先生,2022/6/7
539,コーデリア・グラウカ,30,25,20,15,20,300,300,おおごえでさけぶ,110,600,ミルキィ,特殊,141,149,0,巴マミ(通常),白井黒子,,,,,,,,,,,マミ,モノクロ子,2022/6/7
540,アルセーヌ,35,25,20,25,30,350,350,ぱふぱふ,135,700,ミルキィ,特殊,141,149,0,桐生萌郁,ダークキング,,,,,,,,,,,ｼｬｲﾆﾝｸﾞﾌｨﾝｶﾞｰ,ダークキング,2022/6/7
541,明智小衣,23,18,13,15,15,250,250,なかまをよぶ,84,500,ミルキィ,特殊,141,149,0,秋月律子,牧瀬紅莉栖,,,,,,,,,,,りっちゃん,ねらー,2022/6/7
542,弦巻マキ,33,25,28,38,30,400,350,デイン,154,750,ボイロ,特殊,161,169,0,鏡音リン,イイロ,,,,,,,,,,,リン,黄色,2023/3/5
543,結月ゆかり,30,30,33,27,33,370,400,バギ,153,770,ボイロ,特殊,161,169,0,巡音ルカ,パーラル,,,,,,,,,,,ルカ,紫色,2023/3/5
544,東北ずん子,30,45,30,40,30,370,500,しんくうぎり,175,870,ボイロ,特殊,161,169,0,東北きりたん,ビーンファイター,,,,,,,,,,,きりたん,枝豆,2023/3/5
545,琴葉葵,25,25,25,25,25,350,300,ヒャド,125,650,ボイロ,特殊,161,169,0,亞北ネル,アルー,,,,,,,,,,,ネル,青色,2023/3/5
546,琴葉茜,27,27,27,27,27,370,330,メラ,135,700,ボイロ,特殊,161,169,0,弱音ハク,ピモ,,,,,,,,,,,吐く,ピンク色,2023/3/5
547,東北きりたん,40,25,35,33,40,420,380,てっぽうみず,173,800,ボイロ,特殊,161,169,0,初音ミク,ドリーン,,,,,,,,,,,ミク,緑色,2023/3/5
548,蛍,32,19,24,21,19,300,250,さみだれぎり,115,550,原神,特殊,171,175,0,鹿目まどか,立花響,,,,,,,,,,,悠 木 碧,中の人繋がり,2024/4/20
549,フィッシュル,29,24,19,23,22,250,333,パルプンテ,117,583,原神,特殊,171,175,0,巴マミ,サンダーバード,,,,,,,,,,,厨二疑惑,雷鳥,2024/4/20
550,胡桃,35,22,23,18,25,290,715,ジゴスパーク,123,1005,原神,特殊,171,175,0,藤原妹紅,フレイム,,,,,,,,,,,竹林案内人,炎,2024/4/20
551,ナヒーダ,21,30,20,21,23,330,210,もろはぎり,115,540,原神,特殊,171,175,0,秋静葉,秋穣子,,,,,,,,,,,紅葉を司る,豊穣を司る,2024/4/20
552,モナ,33,29,27,19,27,450,260,ビッグバン,135,710,原神,特殊,171,175,0,こなた(魔法使い),バーバラ(原神),,,,,,,,,,,(魔法使い),牧師兼アイドル,2024/4/20
553,刻晴,26,30,25,24,21,360,370,さみだれぎり,126,730,原神,特殊,171,175,0,美樹さやか,風鳴翼,,,,,,,,,,,ほんとにバカな人,バカな人からできる人,2024/4/20
554,アンバー,24,25,26,17,23,260,280,メラミ,115,540,原神,特殊,175,179,0,鹿目まどか,ひのせいれい,,,,,,,,,,,悠 木 碧,ひのせいれい,2024/4/20
555,クレー,30,22,35,21,29,350,350,マダンテ,137,700,原神,特殊,175,179,0,因幡てゐ,ばくだんいわ,,,,,,,,,,,100人乗ってもだいじょーぶ,ばくだんいわ,2024/4/20
556,七七,34,36,15,22,15,220,220,ベホイミ,122,440,原神,特殊,175,179,0,ナヒーダ,宮古芳香,,,,,,,,,,,草神,キョンシー,2024/4/20
557,バーバラ(原神),25,29,19,23,24,330,420,ベホマ,120,750,原神,特殊,175,179,0,ミスティア・ローレライ,ポセイドン,,,,,,,,,,,歌で人を狂わせる程度の能力,ポセイドン,2024/4/20
558,ヨォーヨ,23,28,20,21,22,420,360,ザオリク,114,780,原神,特殊,175,179,0,風見幽香,デビルアーマー,,,,,,,,,,,四季のフラワーマスター,デビルアーマー,2024/4/20
559,アクア,33,29,27,23,25,555,555,グランドクロス,137,1110,このすば,特殊,181,189,0,洩矢諏訪子,みずのせいれい,,,,,,,,,,,両生類の神様,みずのせいれい,2024/4/20
560,めぐみん,23,50,37,21,28,450,555,マダンテ,159,1005,このすば,特殊,181,189,0,胡桃,バーバラ,,,,,,,,,,,胡桃,マダンテ,2024/4/20
561,ダクネス,40,10,10,50,24,500,555,まじんぎり,134,1055,このすば,特殊,181,189,0,コーデリア・グラウカ,白井黒子,,,,,,,,,,,妄想癖探偵,モノクロ子,2024/4/20
562,後藤ひとり,15,10,11,10,25,300,100,てっぽうみず,71,400,ぼざろ,特殊,191,195,0,巡音ルカ,桐生萌郁,,,,,,,,,,,ルカ,ｼｬｲﾆﾝｸﾞﾌｨﾝｶﾞｰ,2024/12/31
563,伊地知虹夏,20,15,13,14,18,400,200,おおごえでさけぶ,80,600,ぼざろ,特殊,191,195,0,亞北ネル,弦巻マキ,,,,,,,,,,,飽きた,マキマキ,2024/12/31
564,山田リョウ,22,13,18,15,22,380,50,イオ,90,430,ぼざろ,特殊,191,195,0,宮河ひかげ,阿万音鈴羽,,,,,,,,,,,貧乏な子,バイト戦士,2024/12/31
565,喜多郁代,19,22,15,14,20,400,220,なかまをよぶ,90,620,ぼざろ,特殊,191,195,0,バーバラ,佐天涙子,,,,,,,,,,,夢の世界の住人,レベル0,2024/12/31
566,伊地知星歌,24,17,16,17,20,450,150,ばくれつけん,94,600,ぼざろ,特殊,196,199,0,伊地知虹夏,秋月律子,,,,,,,,,,,ニジカ,りっちゃん,2025/2/2
567,廣井きくり,28,18,22,12,16,390,100,パルプンテ,96,490,ぼざろ,特殊,196,199,0,MEIKO,弱音ハク,,,,,,,,,,,MEIKO,吐く,2024/12/31
568,PAさん,20,25,14,20,13,530,250,ぱふぱふ,92,780,ぼざろ,特殊,196,199,0,ミレーユ,フィッシュル,,,,,,,,,,,マルタの国のモンスターマスター,断罪の皇女,2025/2/2
569,ツインターボ,32,10,23,20,45,550,280,なかまをよぶ,130,830,ウマ娘,特殊,201,209,0,泉こなた,セルゲイナス,,,,,,,,,,,もってけ！セーラー服,青い4つ足,2025/5/14
570,イクノディクタス,35,12,22,21,43,550,300,イオ,133,850,ウマ娘,特殊,201,209,0,秋月律子,セルゲイナス,,,,,,,,,,,りっちゃん,青い4つ足,2025/5/14
571,ナイスネイチャ,33,11,21,25,40,550,290,バギ,130,840,ウマ娘,特殊,201,209,0,萩原雪歩,セルゲイナス,,,,,,,,,,,ひんそーでちんちくりん,青い4つ足,2025/5/14
572,サウンドオブアース,36,15,25,24,41,550,280,デイン,141,830,ウマ娘,特殊,201,209,0,ルナサ・プリズムリバー,セルゲイナス,,,,,,,,,,,ヴァイオリン持ち,青い4つ足,2025/5/14
573,スマートファルコン,35,10,24,22,44,550,270,ギラ,135,820,ウマ娘,特殊,201,209,0,高槻やよい,セルゲイナス,,,,,,,,,,,うっうー,青い4つ足,2025/5/14
574,マチカネタンホイザ,34,16,25,21,47,550,290,メラ,143,840,ウマ娘,特殊,201,209,0,コーデリア・グラウカ,セルゲイナス,,,,,,,,,,,妄想癖探偵,青い4つ足,2025/5/14
575,主人公(Ⅰ),65,38,52,41,37,300,100,ベギラマ,233,400,ドラクエ,特殊,10,10,1,-,-,,,,,,,,,,,配合不可、エンカウント入手のみ,,2024/4/20
576,ローレシア王子,55,5,65,27,43,350,150,まじんぎり,195,500,ドラクエ,特殊,30,30,1,-,-,,,,,,,,,,,配合不可、エンカウント入手のみ,,2024/4/20
577,サマルトリア王子,42,40,33,32,45,350,150,バギクロス,192,500,ドラクエ,特殊,30,30,1,-,-,,,,,,,,,,,配合不可、エンカウント入手のみ,,2024/4/20
578,ムーンブルク王女,32,60,22,28,60,350,150,メラゾーマ,202,500,ドラクエ,特殊,30,30,1,-,-,,,,,,,,,,,配合不可、エンカウント入手のみ,,2024/4/20
579,主人公(Ⅲ),58,37,48,42,39,400,200,ギガデイン,224,600,ドラクエ,特殊,50,50,1,-,-,,,,,,,,,,,配合不可、エンカウント入手のみ,,2024/4/20
580,戦士,57,10,55,48,33,400,200,しんくうぎり,203,600,ドラクエ,特殊,50,50,1,-,-,,,,,,,,,,,配合不可、エンカウント入手のみ,,2024/4/20
581,武闘家,65,7,48,51,37,400,200,ばくれつけん,208,600,ドラクエ,特殊,50,50,1,-,-,,,,,,,,,,,配合不可、エンカウント入手のみ,,2024/4/20
582,魔法使い,28,49,23,34,41,400,200,ベギラゴン,175,600,ドラクエ,特殊,50,50,1,-,-,,,,,,,,,,,配合不可、エンカウント入手のみ,,2024/4/20
583,僧侶,34,52,21,33,44,400,200,ベホマ,184,600,ドラクエ,特殊,70,70,1,-,-,,,,,,,,,,,配合不可、エンカウント入手のみ,,2024/4/20
584,商人,33,20,39,35,50,400,200,おおごえでさけぶ,177,600,ドラクエ,特殊,70,70,1,-,-,,,,,,,,,,,配合不可、エンカウント入手のみ,,2024/4/20
585,遊び人,22,22,22,22,22,400,200,ぱふぱふ,110,600,ドラクエ,特殊,70,70,1,-,-,,,,,,,,,,,配合不可、エンカウント入手のみ,,2024/4/20
586,盗賊,39,30,33,33,59,400,200,かまいたち,194,600,ドラクエ,特殊,70,70,1,-,-,,,,,,,,,,,配合不可、エンカウント入手のみ,,2024/4/20
587,賢者,55,55,42,40,37,400,200,ザオリク,229,600,ドラクエ,特殊,70,70,1,-,-,,,,,,,,,,,配合不可、エンカウント入手のみ,,2024/4/20
588,男主人公(Ⅳ),54,31,49,38,35,500,300,ギガデイン,207,800,ドラクエ,特殊,90,90,1,-,-,,,,,,,,,,,配合不可、エンカウント入手のみ,,2024/4/20
589,女主人公(Ⅳ),42,42,39,55,49,500,300,ベホマ,227,800,ドラクエ,特殊,110,110,1,-,-,,,,,,,,,,,配合不可、エンカウント入手のみ,,2024/4/20
590,ライアン,50,22,48,32,21,500,300,マヒャドぎり,173,800,ドラクエ,特殊,90,90,0,男主人公(Ⅳ),戦士,,,,,,,,,,,男主人公(Ⅳ),戦士,2024/4/20
591,アリーナ,38,11,44,40,55,500,300,ばくれつけん,188,800,ドラクエ,特殊,110,110,0,女主人公(Ⅳ),武闘家,,,,,,,,,,,女主人公(Ⅳ),武闘家,2024/4/20
592,クリフト,35,47,21,38,40,500,300,ザオラル,181,800,ドラクエ,特殊,110,110,0,男主人公(Ⅳ),僧侶,,,,,,,,,,,男主人公(Ⅳ),僧侶,2024/4/20
593,ブライ,37,50,25,33,30,500,300,マヒャド,175,800,ドラクエ,特殊,110,110,0,男主人公(Ⅳ),魔法使い,,,,,,,,,,,男主人公(Ⅳ),魔法使い,2024/4/20
594,マーニャ,28,52,30,34,33,500,300,ぱふぱふ,177,800,ドラクエ,特殊,90,90,0,女主人公(Ⅳ),遊び人,,,,,,,,,,,女主人公(Ⅳ),遊び人,2024/4/20
595,ミネア,29,55,27,39,35,500,300,バギクロス,185,800,ドラクエ,特殊,90,90,0,女主人公(Ⅳ),魔法使い,,,,,,,,,,,女主人公(Ⅳ),魔法使い,2024/4/20
596,トルネコ,55,13,39,41,25,500,300,まじんぎり,173,800,ドラクエ,特殊,110,110,0,男主人公(Ⅳ),商人,,,,,,,,,,,男主人公(Ⅳ),商人,2024/4/20
597,ピサロ,59,47,54,47,49,600,400,ジゴスパーク,256,1000,ドラクエ,特殊,130,130,0,デスピサロ,男主人公(Ⅳ),,,,,,,,,,,デスピサロ,男主人公(Ⅳ),2024/4/20
598,エッグラ,47,33,34,40,55,600,400,かがやくいき,209,1000,ドラクエ,特殊,130,130,0,-,-,,,,,ワンダーエッグ,おおにわとり,,,,,<span>たまご×にわとり</span>,,2024/4/20
599,チキーラ,66,25,48,47,40,600,400,ばくれつけん,226,1000,ドラクエ,特殊,130,130,0,-,-,,,,,おおにわとり,ワンダーエッグ,,,,,<span>にわとり×たまご</span>,,2024/4/20
600,主人公(Ⅴ),55,39,59,40,42,800,550,パルプンテ,235,1350,ドラクエ,特殊,150,150,1,-,-,,,,,,,,,,,配合不可、エンカウント入手のみ,,2024/4/20
601,ビアンカ,39,40,34,28,49,800,550,メラゾーマ,190,1350,ドラクエ,特殊,160,160,0,マーニャ,魔法使い,,,,,,,,,,,踊り子,魔法使い,2024/4/20
602,フローラ,33,55,28,32,45,800,550,イオナズン,193,1350,ドラクエ,特殊,160,160,0,ミネア,魔法使い,,,,,,,,,,,占い師,魔法使い,2024/4/20
603,デボラ,42,39,47,39,52,800,550,ベギラマ,219,1350,ドラクエ,特殊,160,160,0,アリーナ,武闘家,,,,,,,,,,,おてんば姫,武闘家,2024/4/20
604,レックス,50,47,58,53,47,800,550,ギガデイン,255,1350,ドラクエ,特殊,150,150,0,主人公(Ⅴ),ビアンカ,主人公(Ⅴ),フローラ,主人公(Ⅴ),デボラ,,,,,,,言うまでもない,,2024/4/20
605,タバサ,42,50,43,49,50,800,550,ビッグバン,234,1350,ドラクエ,特殊,150,150,0,ビアンカ,主人公(Ⅴ),フローラ,主人公(Ⅴ),デボラ,主人公(Ⅴ),,,,,,,わかるでしょ？,,2024/4/20
606,パパス,70,20,60,55,37,800,550,さみだれぎり,242,1350,ドラクエ,特殊,170,170,0,ローレシア王子,戦士,,,,,,,,,,,王子,戦士,2024/4/20
607,サンチョ,55,17,39,47,25,800,550,もろはぎり,183,1350,ドラクエ,特殊,170,170,0,トルネコ,商人,,,,,,,,,,,トルネコ,商人,2024/4/20
608,主人公(Ⅵ),53,39,58,51,40,950,600,ギガスラッシュ,241,1550,ドラクエ,特殊,180,180,1,-,-,,,,,,,,,,,配合不可、エンカウント入手のみ,,2024/4/20
609,ハッサン,65,23,60,48,33,950,600,ばくれつけん,229,1550,ドラクエ,特殊,180,180,0,主人公(Ⅵ),武闘家,,,,,,,,,,,主人公(Ⅵ),武闘家,2024/4/20
610,ミレーユ,42,51,42,39,48,950,600,グランドクロス,222,1550,ドラクエ,特殊,180,180,0,フローラ,魔法使い,,,,,,,,,,,フローラ,魔法使い,2024/4/20
611,バーバラ,39,60,44,31,55,950,600,マダンテ,229,1550,ドラクエ,特殊,190,190,0,デボラ,魔法使い,,,,,,,,,,,デボラ,魔法使い,2024/4/20
612,チャモロ,44,55,41,42,40,950,600,つなみ,222,1550,ドラクエ,特殊,190,190,0,主人公(Ⅵ),僧侶,,,,,,,,,,,主人公(Ⅵ),僧侶,2024/4/20
613,テリー,50,39,55,47,54,950,600,まじんぎり,245,1550,ドラクエ,特殊,190,190,0,主人公(Ⅵ),戦士,,,,,,,,,,,主人公(Ⅵ),戦士,2024/4/20
614,アモス,58,9,54,52,38,950,600,はげしいほのお,211,1550,ドラクエ,特殊,190,190,0,パパス,戦士,,,,,,,,,,,パパス,戦士,2024/4/20
615,主人公(Ⅶ),70,53,59,52,47,1200,777,ギガスラッシュ,281,1977,ドラクエ,特殊,200,200,1,-,-,,,,,,,,,,,配合不可、エンカウント入手のみ,,2024/4/20
616,キーファ,57,39,53,49,39,1200,777,さみだれぎり,237,1977,ドラクエ,特殊,200,200,0,サマルトリア王子,戦士,,,,,,,,,,,サマルトリア王子,戦士,2024/4/20
617,マリベル,50,55,43,41,44,1200,777,メラゾーマ,233,1977,ドラクエ,特殊,200,200,0,バーバラ,魔法使い,,,,,,,,,,,バーバラ,魔法使い,2024/4/20
618,ガボ,55,29,49,39,55,1200,777,おおごえでさけぶ,227,1977,ドラクエ,特殊,210,210,0,主人公(Ⅵ),盗賊,,,,,,,,,,,主人公(Ⅵ),盗賊,2024/4/20
619,メルビン,59,44,48,45,41,1200,777,マヒャドぎり,237,1977,ドラクエ,特殊,210,210,0,サンチョ,僧侶,,,,,,,,,,,サンチョ,僧侶,2024/4/20
620,アイラ,52,39,46,43,38,1200,777,いなずまぎり,218,1977,ドラクエ,特殊,210,210,0,キーファ,マーニャ,,,,,,,,,,,種泥棒,踊り子,2024/4/20
